{"粗大ごみの収集日（事前申込制）": "第3木曜日", "家庭ごみの収集日": "火曜日・金曜日", "プラスチックの収集日": "木曜日", "町名": "荒手1～2丁目"}
{"粗大ごみの収集日（事前申込制）": "第3金曜日", "家庭ごみの収集日": "火曜日・金曜日", "プラスチックの収集日": "木曜日", "町名": "荒生田1～3丁目"}
{"粗大ごみの収集日（事前申込制）": "第3水曜日", "家庭ごみの収集日": "火曜日・金曜日", "プラスチックの収集日": "木曜日", "町名": "石坪町"}
{"粗大ごみの収集日（事前申込制）": "第4月曜日", "家庭ごみの収集日": "火曜日・金曜日", "プラスチックの収集日": "木曜日", "町名": "猪倉町"}
{"粗大ごみの収集日（事前申込制）": "第3金曜日", "家庭ごみの収集日": "火曜日・金曜日", "プラスチックの収集日": "木曜日", "町名": "祝町1～2丁目"}
{"粗大ごみの収集日（事前申込制）": "第3木曜日", "家庭ごみの収集日": "火曜日・金曜日", "プラスチックの収集日": "木曜日", "町名": "枝光1～5丁目"}
{"粗大ごみの収集日（事前申込制）": "第3木曜日", "家庭ごみの収集日": "火曜日・金曜日", "プラスチックの収集日": "木曜日", "町名": "枝光本町"}
{"粗大ごみの収集日（事前申込制）": "第4月曜日", "家庭ごみの収集日": "火曜日・金曜日", "プラスチックの収集日": "木曜日", "町名": "大字大蔵"}
{"粗大ごみの収集日（事前申込制）": "第4月曜日", "家庭ごみの収集日": "火曜日・金曜日", "プラスチックの収集日": "木曜日", "町名": "大蔵1～3丁目"}
{"粗大ごみの収集日（事前申込制）": "第4水曜日", "家庭ごみの収集日": "火曜日・金曜日", "プラスチックの収集日": "木曜日", "町名": "大谷1～2丁目"}
{"粗大ごみの収集日（事前申込制）": "第3水曜日", "家庭ごみの収集日": "火曜日・金曜日", "プラスチックの収集日": "木曜日", "町名": "大平町"}
{"粗大ごみの収集日（事前申込制）": "第3木曜日", "家庭ごみの収集日": "火曜日・金曜日", "プラスチックの収集日": "木曜日", "町名": "大宮町"}
{"粗大ごみの収集日（事前申込制）": "第4水曜日", "家庭ごみの収集日": "火曜日・金曜日", "プラスチックの収集日": "月曜日", "町名": "大字尾倉"}
{"粗大ごみの収集日（事前申込制）": "第4火曜日", "家庭ごみの収集日": "火曜日・金曜日", "プラスチックの収集日": "月曜日", "町名": "尾倉1～3丁目"}
{"粗大ごみの収集日（事前申込制）": "第4月曜日", "家庭ごみの収集日": "火曜日・金曜日", "プラスチックの収集日": "木曜日", "町名": "勝山1～2丁目"}
{"粗大ごみの収集日（事前申込制）": "第3金曜日", "家庭ごみの収集日": "火曜日・金曜日", "プラスチックの収集日": "木曜日", "町名": "上本町1～2丁目"}
{"粗大ごみの収集日（事前申込制）": "第4水曜日", "家庭ごみの収集日": "火曜日・金曜日", "プラスチックの収集日": "月曜日", "町名": "神山町"}
{"粗大ごみの収集日（事前申込制）": "第4月曜日", "家庭ごみの収集日": "月曜日・木曜日", "プラスチックの収集日": "金曜日", "町名": "河内1～3丁目"}
{"粗大ごみの収集日（事前申込制）": "第3水曜日", "家庭ごみの収集日": "火曜日・金曜日", "プラスチックの収集日": "木曜日", "町名": "川淵町"}
{"粗大ごみの収集日（事前申込制）": "第4水曜日", "家庭ごみの収集日": "火曜日・金曜日", "プラスチックの収集日": "月曜日", "町名": "祇園1～4丁目"}
{"粗大ごみの収集日（事前申込制）": "第4水曜日", "家庭ごみの収集日": "火曜日・金曜日", "プラスチックの収集日": "月曜日", "町名": "祇園原町"}
{"粗大ごみの収集日（事前申込制）": "第3水曜日", "家庭ごみの収集日": "火曜日・金曜日", "プラスチックの収集日": "月曜日", "町名": "清田1丁目(一部）"}
{"粗大ごみの収集日（事前申込制）": "第3水曜日", "家庭ごみの収集日": "火曜日・金曜日", "プラスチックの収集日": "木曜日", "町名": "清田1丁目（一部）"}
{"粗大ごみの収集日（事前申込制）": "第3水曜日", "家庭ごみの収集日": "火曜日・金曜日", "プラスチックの収集日": "月曜日", "町名": "清田2～4丁目"}
{"粗大ごみの収集日（事前申込制）": "第4月曜日", "家庭ごみの収集日": "火曜日・金曜日", "プラスチックの収集日": "木曜日", "町名": "景勝町"}
{"粗大ごみの収集日（事前申込制）": "第3水曜日", "家庭ごみの収集日": "火曜日・金曜日", "プラスチックの収集日": "月曜日", "町名": "大字小熊野"}
{"粗大ごみの収集日（事前申込制）": "第3水曜日", "家庭ごみの収集日": "火曜日・金曜日", "プラスチックの収集日": "木曜日", "町名": "山路1～2丁目"}
{"粗大ごみの収集日（事前申込制）": "第3水曜日", "家庭ごみの収集日": "火曜日・金曜日", "プラスチックの収集日": "月曜日", "町名": "山路1丁目（一部）"}
{"粗大ごみの収集日（事前申込制）": "第3水曜日", "家庭ごみの収集日": "火曜日・金曜日", "プラスチックの収集日": "月曜日", "町名": "山路松尾町"}
{"粗大ごみの収集日（事前申込制）": "第3金曜日", "家庭ごみの収集日": "火曜日・金曜日", "プラスチックの収集日": "木曜日", "町名": "山王1～4丁目"}
{"粗大ごみの収集日（事前申込制）": "第3水曜日", "家庭ごみの収集日": "火曜日・金曜日", "プラスチックの収集日": "木曜日", "町名": "昭和1～2丁目"}
{"粗大ごみの収集日（事前申込制）": "第3水曜日", "家庭ごみの収集日": "火曜日・金曜日", "プラスチックの収集日": "月曜日", "町名": "昭和3丁目"}
{"粗大ごみの収集日（事前申込制）": "第3木曜日", "家庭ごみの収集日": "火曜日・金曜日", "プラスチックの収集日": "木曜日", "町名": "白川町"}
{"粗大ごみの収集日（事前申込制）": "第4月曜日", "家庭ごみの収集日": "火曜日・金曜日", "プラスチックの収集日": "木曜日", "町名": "末広町"}
{"粗大ごみの収集日（事前申込制）": "第3木曜日", "家庭ごみの収集日": "火曜日・金曜日", "プラスチックの収集日": "木曜日", "町名": "諏訪1～2丁目"}
{"粗大ごみの収集日（事前申込制）": "第3金曜日", "家庭ごみの収集日": "火曜日・金曜日", "プラスチックの収集日": "木曜日", "町名": "高見1～5丁目"}
{"粗大ごみの収集日（事前申込制）": "第3水曜日", "家庭ごみの収集日": "火曜日・金曜日", "プラスチックの収集日": "木曜日", "町名": "竹下町"}
{"粗大ごみの収集日（事前申込制）": "第4月曜日", "家庭ごみの収集日": "月曜日・木曜日", "プラスチックの収集日": "金曜日", "町名": "田代町"}
{"粗大ごみの収集日（事前申込制）": "第3水曜日", "家庭ごみの収集日": "火曜日・金曜日", "プラスチックの収集日": "木曜日", "町名": "茶屋町"}
{"粗大ごみの収集日（事前申込制）": "第4月曜日", "家庭ごみの収集日": "火曜日・金曜日", "プラスチックの収集日": "木曜日", "町名": "中央1～3丁目"}
{"粗大ごみの収集日（事前申込制）": "第3水曜日", "家庭ごみの収集日": "火曜日・金曜日", "プラスチックの収集日": "月曜日", "町名": "槻田1～2丁目"}
{"粗大ごみの収集日（事前申込制）": "第4水曜日", "家庭ごみの収集日": "火曜日・金曜日", "プラスチックの収集日": "月曜日", "町名": "天神町"}
{"粗大ごみの収集日（事前申込制）": "第3金曜日", "家庭ごみの収集日": "火曜日・金曜日", "プラスチックの収集日": "木曜日", "町名": "中尾1～3丁目"}
{"粗大ごみの収集日（事前申込制）": "第3水曜日", "家庭ごみの収集日": "火曜日・金曜日", "プラスチックの収集日": "木曜日", "町名": "中畑1～2丁目"}
{"粗大ごみの収集日（事前申込制）": "第4水曜日", "家庭ごみの収集日": "火曜日・金曜日", "プラスチックの収集日": "月曜日", "町名": "西台良町"}
{"粗大ごみの収集日（事前申込制）": "第4火曜日", "家庭ごみの収集日": "火曜日・金曜日", "プラスチックの収集日": "月曜日", "町名": "西本町1～4丁目"}
{"粗大ごみの収集日（事前申込制）": "第4月曜日", "家庭ごみの収集日": "火曜日・金曜日", "プラスチックの収集日": "木曜日", "町名": "西丸山町"}
{"粗大ごみの収集日（事前申込制）": "第4月曜日", "家庭ごみの収集日": "火曜日・金曜日", "プラスチックの収集日": "木曜日", "町名": "羽衣町"}
{"粗大ごみの収集日（事前申込制）": "第3金曜日", "家庭ごみの収集日": "火曜日・金曜日", "プラスチックの収集日": "木曜日", "町名": "八王寺町"}
{"粗大ごみの収集日（事前申込制）": "第4水曜日", "家庭ごみの収集日": "火曜日・金曜日", "プラスチックの収集日": "月曜日", "町名": "花尾町"}
{"粗大ごみの収集日（事前申込制）": "第4火曜日", "家庭ごみの収集日": "火曜日・金曜日", "プラスチックの収集日": "月曜日", "町名": "春の町1～5丁目"}
{"粗大ごみの収集日（事前申込制）": "第3木曜日", "家庭ごみの収集日": "火曜日・金曜日", "プラスチックの収集日": "木曜日", "町名": "東田1～5丁目"}
{"粗大ごみの収集日（事前申込制）": "第4水曜日", "家庭ごみの収集日": "火曜日・金曜日", "プラスチックの収集日": "月曜日", "町名": "東台良町"}
{"粗大ごみの収集日（事前申込制）": "第3金曜日", "家庭ごみの収集日": "火曜日・金曜日", "プラスチックの収集日": "木曜日", "町名": "東鉄町"}
{"粗大ごみの収集日（事前申込制）": "第4月曜日", "家庭ごみの収集日": "火曜日・金曜日", "プラスチックの収集日": "木曜日", "町名": "東丸山町"}
{"粗大ごみの収集日（事前申込制）": "第3金曜日", "家庭ごみの収集日": "火曜日・金曜日", "プラスチックの収集日": "木曜日", "町名": "東山1～2丁目"}
{"粗大ごみの収集日（事前申込制）": "第3木曜日", "家庭ごみの収集日": "火曜日・金曜日", "プラスチックの収集日": "木曜日", "町名": "日の出1～3丁目"}
{"粗大ごみの収集日（事前申込制）": "第4火曜日", "家庭ごみの収集日": "火曜日・金曜日", "プラスチックの収集日": "月曜日", "町名": "平野1～3丁目"}
{"粗大ごみの収集日（事前申込制）": "第3金曜日", "家庭ごみの収集日": "火曜日・金曜日", "プラスチックの収集日": "木曜日", "町名": "藤見町"}
{"粗大ごみの収集日（事前申込制）": "第4水曜日", "家庭ごみの収集日": "火曜日・金曜日", "プラスチックの収集日": "月曜日", "町名": "帆柱1～5丁目"}
{"粗大ごみの収集日（事前申込制）": "第4水曜日", "家庭ごみの収集日": "火曜日・金曜日", "プラスチックの収集日": "月曜日", "町名": "大字前田"}
{"粗大ごみの収集日（事前申込制）": "第4火曜日", "家庭ごみの収集日": "火曜日・金曜日", "プラスチックの収集日": "月曜日", "町名": "前田1～3丁目"}
{"粗大ごみの収集日（事前申込制）": "第3水曜日", "家庭ごみの収集日": "火曜日・金曜日", "プラスチックの収集日": "月曜日", "町名": "松尾町"}
{"粗大ごみの収集日（事前申込制）": "第3木曜日", "家庭ごみの収集日": "火曜日・金曜日", "プラスチックの収集日": "木曜日", "町名": "宮田町"}
{"粗大ごみの収集日（事前申込制）": "第3金曜日", "家庭ごみの収集日": "火曜日・金曜日", "プラスチックの収集日": "木曜日", "町名": "宮の町1～2丁目"}
{"粗大ごみの収集日（事前申込制）": "第4水曜日", "家庭ごみの収集日": "火曜日・金曜日", "プラスチックの収集日": "月曜日", "町名": "桃園1～4丁目"}
{"粗大ごみの収集日（事前申込制）": "第4水曜日", "家庭ごみの収集日": "火曜日・金曜日", "プラスチックの収集日": "火曜日", "町名": "桃園3～4丁目（一部）"}
{"粗大ごみの収集日（事前申込制）": "第4月曜日", "家庭ごみの収集日": "火曜日・金曜日", "プラスチックの収集日": "木曜日", "町名": "豊町"}
{"粗大ごみの収集日（事前申込制）": "第2金曜日", "家庭ごみの収集日": "火曜日・金曜日", "プラスチックの収集日": "木曜日", "町名": "旭町"}
{"粗大ごみの収集日（事前申込制）": "第2金曜日", "家庭ごみの収集日": "月曜日・木曜日", "プラスチックの収集日": "金曜日", "町名": "浅生1丁目"}
{"粗大ごみの収集日（事前申込制）": "第2金曜日", "家庭ごみの収集日": "月曜日・木曜日", "プラスチックの収集日": "金曜日", "町名": "浅生2丁目（1番）"}
{"粗大ごみの収集日（事前申込制）": "第2金曜日", "家庭ごみの収集日": "火曜日・金曜日", "プラスチックの収集日": "木曜日", "町名": "浅生2丁目（1番以外）"}
{"粗大ごみの収集日（事前申込制）": "第2金曜日", "家庭ごみの収集日": "月曜日・木曜日", "プラスチックの収集日": "金曜日", "町名": "浅生3丁目"}
{"粗大ごみの収集日（事前申込制）": "第3火曜日", "家庭ごみの収集日": "火曜日・金曜日", "プラスチックの収集日": "木曜日", "町名": "一枝1～4丁目"}
{"粗大ごみの収集日（事前申込制）": "第2金曜日", "家庭ごみの収集日": "月曜日・木曜日", "プラスチックの収集日": "金曜日", "町名": "沖台1～2丁目"}
{"粗大ごみの収集日（事前申込制）": "第2金曜日", "家庭ごみの収集日": "火曜日・金曜日", "プラスチックの収集日": "木曜日", "町名": "川代1～2丁目"}
{"粗大ごみの収集日（事前申込制）": "第3月曜日", "家庭ごみの収集日": "月曜日・木曜日", "プラスチックの収集日": "金曜日", "町名": "観音寺町"}
{"粗大ごみの収集日（事前申込制）": "第2金曜日", "家庭ごみの収集日": "火曜日・金曜日", "プラスチックの収集日": "木曜日", "町名": "北鳥旗町"}
{"粗大ごみの収集日（事前申込制）": "第2金曜日", "家庭ごみの収集日": "火曜日・金曜日", "プラスチックの収集日": "木曜日", "町名": "銀座1～2丁目"}
{"粗大ごみの収集日（事前申込制）": "第2木曜日", "家庭ごみの収集日": "火曜日・金曜日", "プラスチックの収集日": "木曜日", "町名": "小芝1～3丁目"}
{"粗大ごみの収集日（事前申込制）": "第3火曜日", "家庭ごみの収集日": "火曜日・金曜日", "プラスチックの収集日": "木曜日", "町名": "金比羅町"}
{"粗大ごみの収集日（事前申込制）": "第2金曜日", "家庭ごみの収集日": "火曜日・金曜日", "プラスチックの収集日": "木曜日", "町名": "幸町"}
{"粗大ごみの収集日（事前申込制）": "第2木曜日", "家庭ごみの収集日": "火曜日・金曜日", "プラスチックの収集日": "木曜日", "町名": "境川1～2丁目"}
{"粗大ごみの収集日（事前申込制）": "第2木曜日", "家庭ごみの収集日": "火曜日・金曜日", "プラスチックの収集日": "木曜日", "町名": "沢見1～2丁目"}
{"粗大ごみの収集日（事前申込制）": "第2木曜日", "家庭ごみの収集日": "火曜日・金曜日", "プラスチックの収集日": "木曜日", "町名": "三六町"}
{"粗大ごみの収集日（事前申込制）": "第3月曜日", "家庭ごみの収集日": "月曜日・木曜日", "プラスチックの収集日": "金曜日", "町名": "椎ノ木町"}
{"粗大ごみの収集日（事前申込制）": "第2金曜日", "家庭ごみの収集日": "火曜日・金曜日", "プラスチックの収集日": "木曜日", "町名": "汐井町"}
{"粗大ごみの収集日（事前申込制）": "第2金曜日", "家庭ごみの収集日": "月曜日・木曜日", "プラスチックの収集日": "金曜日", "町名": "正津町"}
{"粗大ごみの収集日（事前申込制）": "第2金曜日", "家庭ごみの収集日": "火曜日・金曜日", "プラスチックの収集日": "木曜日", "町名": "新池1～3丁目"}
{"粗大ごみの収集日（事前申込制）": "第2金曜日", "家庭ごみの収集日": "月曜日・木曜日", "プラスチックの収集日": "金曜日", "町名": "新川町"}
{"粗大ごみの収集日（事前申込制）": "第3月曜日", "家庭ごみの収集日": "月曜日・木曜日", "プラスチックの収集日": "金曜日", "町名": "菅原1～4丁目"}
{"粗大ごみの収集日（事前申込制）": "第2木曜日", "家庭ごみの収集日": "火曜日・金曜日", "プラスチックの収集日": "木曜日", "町名": "仙水町"}
{"粗大ごみの収集日（事前申込制）": "第2金曜日", "家庭ごみの収集日": "火曜日・金曜日", "プラスチックの収集日": "木曜日", "町名": "千防1～3丁目"}
{"粗大ごみの収集日（事前申込制）": "第3月曜日", "家庭ごみの収集日": "月曜日・木曜日", "プラスチックの収集日": "金曜日", "町名": "高峰1～3丁目"}
{"粗大ごみの収集日（事前申込制）": "第2木曜日", "家庭ごみの収集日": "火曜日・金曜日", "プラスチックの収集日": "木曜日", "町名": "土取町"}
{"粗大ごみの収集日（事前申込制）": "第2木曜日", "家庭ごみの収集日": "火曜日・金曜日", "プラスチックの収集日": "木曜日", "町名": "天神1～2丁目"}
{"粗大ごみの収集日（事前申込制）": "第3火曜日", "家庭ごみの収集日": "火曜日・金曜日", "プラスチックの収集日": "木曜日", "町名": "天籟寺1～2丁目"}
{"粗大ごみの収集日（事前申込制）": "第2木曜日", "家庭ごみの収集日": "火曜日・金曜日", "プラスチックの収集日": "木曜日", "町名": "大字中原"}
{"粗大ごみの収集日（事前申込制）": "第2木曜日", "家庭ごみの収集日": "火曜日・金曜日", "プラスチックの収集日": "木曜日", "町名": "中原西1～3丁目"}
{"粗大ごみの収集日（事前申込制）": "第2木曜日", "家庭ごみの収集日": "火曜日・金曜日", "プラスチックの収集日": "木曜日", "町名": "中原東1～4丁目"}
{"粗大ごみの収集日（事前申込制）": "第2金曜日", "家庭ごみの収集日": "火曜日・金曜日", "プラスチックの収集日": "木曜日", "町名": "中本町"}
{"粗大ごみの収集日（事前申込制）": "第3月曜日", "家庭ごみの収集日": "月曜日・木曜日", "プラスチックの収集日": "金曜日", "町名": "西大谷1～2丁目"}
{"粗大ごみの収集日（事前申込制）": "第3火曜日", "家庭ごみの収集日": "月曜日・木曜日", "プラスチックの収集日": "金曜日", "町名": "西鞘ケ谷町"}
{"粗大ごみの収集日（事前申込制）": "第2金曜日", "家庭ごみの収集日": "月曜日・木曜日", "プラスチックの収集日": "金曜日", "町名": "初音町"}
{"粗大ごみの収集日（事前申込制）": "第3火曜日", "家庭ごみの収集日": "月曜日・木曜日", "プラスチックの収集日": "金曜日", "町名": "東大谷1～3丁目"}
{"粗大ごみの収集日（事前申込制）": "第3火曜日", "家庭ごみの収集日": "火曜日・金曜日", "プラスチックの収集日": "木曜日", "町名": "東鞘ケ谷町"}
{"粗大ごみの収集日（事前申込制）": "第3火曜日", "家庭ごみの収集日": "火曜日・金曜日", "プラスチックの収集日": "木曜日", "町名": "福柳木1～2丁目"}
{"粗大ごみの収集日（事前申込制）": "第3月曜日", "家庭ごみの収集日": "月曜日・木曜日", "プラスチックの収集日": "火曜日", "町名": "牧山1～4丁目"}
{"粗大ごみの収集日（事前申込制）": "第3月曜日", "家庭ごみの収集日": "月曜日・木曜日", "プラスチックの収集日": "火曜日", "町名": "牧山海岸"}
{"粗大ごみの収集日（事前申込制）": "第3月曜日", "家庭ごみの収集日": "月曜日・木曜日", "プラスチックの収集日": "火曜日", "町名": "牧山新町"}
{"粗大ごみの収集日（事前申込制）": "第3月曜日", "家庭ごみの収集日": "月曜日・木曜日", "プラスチックの収集日": "火曜日", "町名": "丸町1～3丁目"}
{"粗大ごみの収集日（事前申込制）": "第2金曜日", "家庭ごみの収集日": "火曜日・金曜日", "プラスチックの収集日": "木曜日", "町名": "南鳥旗町"}
{"粗大ごみの収集日（事前申込制）": "第2金曜日", "家庭ごみの収集日": "火曜日・金曜日", "プラスチックの収集日": "木曜日", "町名": "明治町"}
{"粗大ごみの収集日（事前申込制）": "第2金曜日", "家庭ごみの収集日": "火曜日・金曜日", "プラスチックの収集日": "木曜日", "町名": "元宮町"}
{"粗大ごみの収集日（事前申込制）": "第3火曜日", "家庭ごみの収集日": "火曜日・金曜日", "プラスチックの収集日": "木曜日", "町名": "夜宮1～3丁目"}
{"粗大ごみの収集日（事前申込制）": "第4水曜日", "家庭ごみの収集日": "月曜日・木曜日", "プラスチックの収集日": "火曜日", "町名": "青葉1～2丁目"}
{"粗大ごみの収集日（事前申込制）": "第2金曜日", "家庭ごみの収集日": "月曜日・木曜日", "プラスチックの収集日": "金曜日", "町名": "赤坂1～5丁目"}
{"粗大ごみの収集日（事前申込制）": "第4月曜日", "家庭ごみの収集日": "火曜日・金曜日", "プラスチックの収集日": "月曜日", "町名": "浅野1～3丁目"}
{"粗大ごみの収集日（事前申込制）": "第4金曜日", "家庭ごみの収集日": "火曜日・金曜日", "プラスチックの収集日": "月曜日", "町名": "朝日ケ丘"}
{"粗大ごみの収集日（事前申込制）": "第3火曜日", "家庭ごみの収集日": "月曜日・木曜日", "プラスチックの収集日": "金曜日", "町名": "大字足原"}
{"粗大ごみの収集日（事前申込制）": "第3火曜日", "家庭ごみの収集日": "月曜日・木曜日", "プラスチックの収集日": "火曜日", "町名": "足原1～2丁目"}
{"粗大ごみの収集日（事前申込制）": "第4水曜日", "家庭ごみの収集日": "月曜日・木曜日", "プラスチックの収集日": "火曜日", "町名": "愛宕1～2丁目"}
{"粗大ごみの収集日（事前申込制）": "第3火曜日", "家庭ごみの収集日": "月曜日・木曜日", "プラスチックの収集日": "金曜日", "町名": "足立1～3丁目"}
{"粗大ごみの収集日（事前申込制）": "第1水曜日", "家庭ごみの収集日": "月曜日・木曜日", "プラスチックの収集日": "火曜日", "町名": "泉台1～4丁目"}
{"粗大ごみの収集日（事前申込制）": "第4金曜日", "家庭ごみの収集日": "月曜日・木曜日", "プラスチックの収集日": "火曜日", "町名": "板櫃町"}
{"粗大ごみの収集日（事前申込制）": "第4金曜日", "家庭ごみの収集日": "火曜日・金曜日", "プラスチックの収集日": "月曜日", "町名": "井堀1～5丁目"}
{"粗大ごみの収集日（事前申込制）": "第1木曜日", "家庭ごみの収集日": "火曜日・金曜日", "プラスチックの収集日": "木曜日", "町名": "今町1～3丁目"}
{"粗大ごみの収集日（事前申込制）": "第4水曜日", "家庭ごみの収集日": "月曜日・木曜日", "プラスチックの収集日": "火曜日", "町名": "鋳物師町"}
{"粗大ごみの収集日（事前申込制）": "第4月曜日", "家庭ごみの収集日": "火曜日・金曜日", "プラスチックの収集日": "月曜日", "町名": "魚町1～4丁目"}
{"粗大ごみの収集日（事前申込制）": "第3金曜日", "家庭ごみの収集日": "火曜日・金曜日", "プラスチックの収集日": "月曜日", "町名": "宇佐町1～2丁目"}
{"粗大ごみの収集日（事前申込制）": "第4月曜日", "家庭ごみの収集日": "火曜日・金曜日", "プラスチックの収集日": "月曜日", "町名": "江南町"}
{"粗大ごみの収集日（事前申込制）": "第3金曜日", "家庭ごみの収集日": "月曜日・木曜日", "プラスチックの収集日": "金曜日", "町名": "大田町"}
{"粗大ごみの収集日（事前申込制）": "第4火曜日", "家庭ごみの収集日": "月曜日・木曜日", "プラスチックの収集日": "金曜日", "町名": "大手町"}
{"粗大ごみの収集日（事前申込制）": "第3月曜日", "家庭ごみの収集日": "月曜日・木曜日", "プラスチックの収集日": "金曜日", "町名": "大畠1～3丁目"}
{"粗大ごみの収集日（事前申込制）": "第4月曜日", "家庭ごみの収集日": "火曜日・金曜日", "プラスチックの収集日": "月曜日", "町名": "鍛冶町1～2丁目"}
{"粗大ごみの収集日（事前申込制）": "第3木曜日", "家庭ごみの収集日": "火曜日・金曜日", "プラスチックの収集日": "月曜日", "町名": "片野1～5丁目"}
{"粗大ごみの収集日（事前申込制）": "第3水曜日", "家庭ごみの収集日": "火曜日・金曜日", "プラスチックの収集日": "木曜日", "町名": "片野新町1～3丁目"}
{"粗大ごみの収集日（事前申込制）": "第4水曜日", "家庭ごみの収集日": "月曜日・木曜日", "プラスチックの収集日": "金曜日", "町名": "金田1～2丁目"}
{"粗大ごみの収集日（事前申込制）": "第4水曜日", "家庭ごみの収集日": "月曜日・木曜日", "プラスチックの収集日": "火曜日", "町名": "金田3丁目"}
{"粗大ごみの収集日（事前申込制）": "第1月曜日", "家庭ごみの収集日": "火曜日・金曜日", "プラスチックの収集日": "月曜日", "町名": "上到津1丁目"}
{"粗大ごみの収集日（事前申込制）": "第1月曜日", "家庭ごみの収集日": "月曜日・木曜日", "プラスチックの収集日": "火曜日", "町名": "上到津2丁目（1番）"}
{"粗大ごみの収集日（事前申込制）": "第1月曜日", "家庭ごみの収集日": "火曜日・金曜日", "プラスチックの収集日": "月曜日", "町名": "上到津2丁目（1番を除く）"}
{"粗大ごみの収集日（事前申込制）": "第1月曜日", "家庭ごみの収集日": "火曜日・金曜日", "プラスチックの収集日": "月曜日", "町名": "上到津3～4丁目"}
{"粗大ごみの収集日（事前申込制）": "第2金曜日", "家庭ごみの収集日": "月曜日・木曜日", "プラスチックの収集日": "金曜日", "町名": "上富野1～5丁目"}
{"粗大ごみの収集日（事前申込制）": "第4火曜日", "家庭ごみの収集日": "月曜日・木曜日", "プラスチックの収集日": "金曜日", "町名": "香春口1丁目"}
{"粗大ごみの収集日（事前申込制）": "第4火曜日", "家庭ごみの収集日": "火曜日・金曜日", "プラスチックの収集日": "月曜日", "町名": "香春口2丁目"}
{"粗大ごみの収集日（事前申込制）": "第3金曜日", "家庭ごみの収集日": "月曜日・木曜日", "プラスチックの収集日": "金曜日", "町名": "神岳1～2丁目"}
{"粗大ごみの収集日（事前申込制）": "第3木曜日", "家庭ごみの収集日": "月曜日・木曜日", "プラスチックの収集日": "金曜日", "町名": "貴船町"}
{"粗大ごみの収集日（事前申込制）": "第1火曜日", "家庭ごみの収集日": "月曜日・木曜日", "プラスチックの収集日": "金曜日", "町名": "木町1丁目"}
{"粗大ごみの収集日（事前申込制）": "第1火曜日", "家庭ごみの収集日": "月曜日・木曜日", "プラスチックの収集日": "火曜日", "町名": "木町2～3丁目"}
{"粗大ごみの収集日（事前申込制）": "第1火曜日", "家庭ごみの収集日": "月曜日・木曜日", "プラスチックの収集日": "金曜日", "町名": "木町4丁目"}
{"粗大ごみの収集日（事前申込制）": "第4月曜日", "家庭ごみの収集日": "火曜日・金曜日", "プラスチックの収集日": "月曜日", "町名": "京町1～4丁目"}
{"粗大ごみの収集日（事前申込制）": "第1火曜日", "家庭ごみの収集日": "月曜日・木曜日", "プラスチックの収集日": "火曜日", "町名": "清水1～5丁目"}
{"粗大ごみの収集日（事前申込制）": "第3火曜日", "家庭ごみの収集日": "月曜日・木曜日", "プラスチックの収集日": "火曜日", "町名": "霧ケ丘1～3丁目"}
{"粗大ごみの収集日（事前申込制）": "第1月曜日", "家庭ごみの収集日": "月曜日・木曜日", "プラスチックの収集日": "火曜日", "町名": "金鶏町"}
{"粗大ごみの収集日（事前申込制）": "第1木曜日", "家庭ごみの収集日": "火曜日・金曜日", "プラスチックの収集日": "木曜日", "町名": "熊谷1～5丁目"}
{"粗大ごみの収集日（事前申込制）": "第3金曜日", "家庭ごみの収集日": "月曜日・木曜日", "プラスチックの収集日": "火曜日", "町名": "熊本1～4丁目"}
{"粗大ごみの収集日（事前申込制）": "第3水曜日", "家庭ごみの収集日": "火曜日・金曜日", "プラスチックの収集日": "木曜日", "町名": "黒住町"}
{"粗大ごみの収集日（事前申込制）": "第3火曜日", "家庭ごみの収集日": "月曜日・木曜日", "プラスチックの収集日": "火曜日", "町名": "黒原1～3丁目"}
{"粗大ごみの収集日（事前申込制）": "第3木曜日", "家庭ごみの収集日": "月曜日・木曜日", "プラスチックの収集日": "金曜日", "町名": "黄金1丁目"}
{"粗大ごみの収集日（事前申込制）": "第3木曜日", "家庭ごみの収集日": "月曜日・木曜日", "プラスチックの収集日": "火曜日", "町名": "黄金2丁目"}
{"粗大ごみの収集日（事前申込制）": "第4月曜日", "家庭ごみの収集日": "火曜日・金曜日", "プラスチックの収集日": "月曜日", "町名": "米町1～2丁目"}
{"粗大ごみの収集日（事前申込制）": "第3月曜日", "家庭ごみの収集日": "月曜日・木曜日", "プラスチックの収集日": "金曜日", "町名": "小文字1～2丁目"}
{"粗大ごみの収集日（事前申込制）": "第4月曜日", "家庭ごみの収集日": "火曜日・金曜日", "プラスチックの収集日": "月曜日", "町名": "紺屋町"}
{"粗大ごみの収集日（事前申込制）": "第4水曜日", "家庭ごみの収集日": "月曜日・木曜日", "プラスチックの収集日": "火曜日", "町名": "菜園場1～2丁目"}
{"粗大ごみの収集日（事前申込制）": "第4月曜日", "家庭ごみの収集日": "火曜日・金曜日", "プラスチックの収集日": "月曜日", "町名": "堺町1～2丁目"}
{"粗大ごみの収集日（事前申込制）": "第3水曜日", "家庭ごみの収集日": "火曜日・金曜日", "プラスチックの収集日": "木曜日", "町名": "三郎丸1～2丁目"}
{"粗大ごみの収集日（事前申込制）": "第3水曜日", "家庭ごみの収集日": "火曜日・金曜日", "プラスチックの収集日": "月曜日", "町名": "三郎丸3丁目"}
{"粗大ごみの収集日（事前申込制）": "第1火曜日", "家庭ごみの収集日": "月曜日・木曜日", "プラスチックの収集日": "火曜日", "町名": "皿山町"}
{"粗大ごみの収集日（事前申込制）": "第3火曜日", "家庭ごみの収集日": "月曜日・木曜日", "プラスチックの収集日": "金曜日", "町名": "山門町"}
{"粗大ごみの収集日（事前申込制）": "第3水曜日", "家庭ごみの収集日": "火曜日・金曜日", "プラスチックの収集日": "木曜日", "町名": "重住三丁目"}
{"粗大ごみの収集日（事前申込制）": "第1水曜日", "家庭ごみの収集日": "月曜日・木曜日", "プラスチックの収集日": "火曜日", "町名": "篠崎1丁目（1～6番）"}
{"粗大ごみの収集日（事前申込制）": "第1水曜日", "家庭ごみの収集日": "火曜日・金曜日", "プラスチックの収集日": "木曜日", "町名": "篠崎1丁目（7～10番）"}
{"粗大ごみの収集日（事前申込制）": "第1水曜日", "家庭ごみの収集日": "火曜日・金曜日", "プラスチックの収集日": "木曜日", "町名": "篠崎2～5丁目"}
{"粗大ごみの収集日（事前申込制）": "第1月曜日", "家庭ごみの収集日": "月曜日・木曜日", "プラスチックの収集日": "火曜日", "町名": "下到津1丁目"}
{"粗大ごみの収集日（事前申込制）": "第1月曜日", "家庭ごみの収集日": "火曜日・金曜日", "プラスチックの収集日": "月曜日", "町名": "下到津2～3丁目"}
{"粗大ごみの収集日（事前申込制）": "第1月曜日", "家庭ごみの収集日": "月曜日・木曜日", "プラスチックの収集日": "火曜日", "町名": "下到津4～5丁目"}
{"粗大ごみの収集日（事前申込制）": "第3月曜日", "家庭ごみの収集日": "月曜日・木曜日", "プラスチックの収集日": "金曜日", "町名": "下富野1～5丁目"}
{"粗大ごみの収集日（事前申込制）": "第3火曜日", "家庭ごみの収集日": "月曜日・木曜日", "プラスチックの収集日": "金曜日", "町名": "寿山町"}
{"粗大ごみの収集日（事前申込制）": "第4水曜日", "家庭ごみの収集日": "月曜日・木曜日", "プラスチックの収集日": "金曜日", "町名": "城内"}
{"粗大ごみの収集日（事前申込制）": "第3水曜日", "家庭ごみの収集日": "火曜日・金曜日", "プラスチックの収集日": "木曜日", "町名": "城野団地"}
{"粗大ごみの収集日（事前申込制）": "第4火曜日", "家庭ごみの収集日": "月曜日・木曜日", "プラスチックの収集日": "金曜日", "町名": "昭和町"}
{"粗大ごみの収集日（事前申込制）": "第4火曜日", "家庭ごみの収集日": "月曜日・木曜日", "プラスチックの収集日": "金曜日", "町名": "白銀1丁目"}
{"粗大ごみの収集日（事前申込制）": "第4火曜日", "家庭ごみの収集日": "月曜日・木曜日", "プラスチックの収集日": "火曜日", "町名": "白銀2丁目"}
{"粗大ごみの収集日（事前申込制）": "第4金曜日", "家庭ごみの収集日": "火曜日・金曜日", "プラスチックの収集日": "月曜日", "町名": "白萩町"}
{"粗大ごみの収集日（事前申込制）": "第3月曜日", "家庭ごみの収集日": "月曜日・木曜日", "プラスチックの収集日": "金曜日", "町名": "神幸町"}
{"粗大ごみの収集日（事前申込制）": "第1水曜日", "家庭ごみの収集日": "月曜日・木曜日", "プラスチックの収集日": "火曜日", "町名": "新高田1～2丁目"}
{"粗大ごみの収集日（事前申込制）": "第4水曜日", "家庭ごみの収集日": "火曜日・金曜日", "プラスチックの収集日": "月曜日", "町名": "親和町"}
{"粗大ごみの収集日（事前申込制）": "第4月曜日", "家庭ごみの収集日": "月曜日・木曜日", "プラスチックの収集日": "金曜日", "町名": "末広1～2丁目"}
{"粗大ごみの収集日（事前申込制）": "第2金曜日", "家庭ごみの収集日": "月曜日・木曜日", "プラスチックの収集日": "金曜日", "町名": "須賀町"}
{"粗大ごみの収集日（事前申込制）": "第4月曜日", "家庭ごみの収集日": "月曜日・木曜日", "プラスチックの収集日": "金曜日", "町名": "砂津1～3丁目"}
{"粗大ごみの収集日（事前申込制）": "第4月曜日", "家庭ごみの収集日": "火曜日・金曜日", "プラスチックの収集日": "月曜日", "町名": "船頭町"}
{"粗大ごみの収集日（事前申込制）": "第4月曜日", "家庭ごみの収集日": "火曜日・金曜日", "プラスチックの収集日": "月曜日", "町名": "船場町"}
{"粗大ごみの収集日（事前申込制）": "第4水曜日", "家庭ごみの収集日": "月曜日・木曜日", "プラスチックの収集日": "金曜日", "町名": "大門1～2丁目"}
{"粗大ごみの収集日（事前申込制）": "第1水曜日", "家庭ごみの収集日": "月曜日・木曜日", "プラスチックの収集日": "火曜日", "町名": "高尾1丁目"}
{"粗大ごみの収集日（事前申込制）": "第1水曜日", "家庭ごみの収集日": "火曜日・金曜日", "プラスチックの収集日": "木曜日", "町名": "高尾2丁目"}
{"粗大ごみの収集日（事前申込制）": "第2金曜日", "家庭ごみの収集日": "月曜日・木曜日", "プラスチックの収集日": "金曜日", "町名": "高浜1～2丁目"}
{"粗大ごみの収集日（事前申込制）": "第3水曜日", "家庭ごみの収集日": "火曜日・金曜日", "プラスチックの収集日": "木曜日", "町名": "高坊1～2丁目"}
{"粗大ごみの収集日（事前申込制）": "第4木曜日", "家庭ごみの収集日": "火曜日・金曜日", "プラスチックの収集日": "月曜日", "町名": "高見台"}
{"粗大ごみの収集日（事前申込制）": "第4金曜日", "家庭ごみの収集日": "火曜日・金曜日", "プラスチックの収集日": "月曜日", "町名": "高峰町"}
{"粗大ごみの収集日（事前申込制）": "第1火曜日", "家庭ごみの収集日": "月曜日・木曜日", "プラスチックの収集日": "火曜日", "町名": "竪林町"}
{"粗大ごみの収集日（事前申込制）": "第4水曜日", "家庭ごみの収集日": "月曜日・木曜日", "プラスチックの収集日": "金曜日", "町名": "竪町1～2丁目"}
{"粗大ごみの収集日（事前申込制）": "第4水曜日", "家庭ごみの収集日": "月曜日・木曜日", "プラスチックの収集日": "金曜日", "町名": "田町"}
{"粗大ごみの収集日（事前申込制）": "第3月曜日", "家庭ごみの収集日": "月曜日・木曜日", "プラスチックの収集日": "金曜日", "町名": "常盤町"}
{"粗大ごみの収集日（事前申込制）": "第2金曜日", "家庭ごみの収集日": "月曜日・木曜日", "プラスチックの収集日": "金曜日", "町名": "大字富野"}
{"粗大ごみの収集日（事前申込制）": "第2金曜日", "家庭ごみの収集日": "月曜日・木曜日", "プラスチックの収集日": "金曜日", "町名": "富野台"}
{"粗大ごみの収集日（事前申込制）": "第4木曜日", "家庭ごみの収集日": "火曜日・金曜日", "プラスチックの収集日": "月曜日", "町名": "中井1～5丁目"}
{"粗大ごみの収集日（事前申込制）": "第4木曜日", "家庭ごみの収集日": "月曜日・木曜日", "プラスチックの収集日": "火曜日", "町名": "中井口（一部）"}
{"粗大ごみの収集日（事前申込制）": "第4木曜日", "家庭ごみの収集日": "火曜日・金曜日", "プラスチックの収集日": "月曜日", "町名": "中井口（一部）"}
{"粗大ごみの収集日（事前申込制）": "第4水曜日", "家庭ごみの収集日": "火曜日・金曜日", "プラスチックの収集日": "月曜日", "町名": "中井浜"}
{"粗大ごみの収集日（事前申込制）": "第4火曜日", "家庭ごみの収集日": "月曜日・木曜日", "プラスチックの収集日": "金曜日", "町名": "中島1～2丁目"}
{"粗大ごみの収集日（事前申込制）": "第4月曜日", "家庭ごみの収集日": "火曜日・金曜日", "プラスチックの収集日": "月曜日", "町名": "中津口1～2丁目"}
{"粗大ごみの収集日（事前申込制）": "第4月曜日", "家庭ごみの収集日": "月曜日・木曜日", "プラスチックの収集日": "金曜日", "町名": "長浜町"}
{"粗大ごみの収集日（事前申込制）": "第4水曜日", "家庭ごみの収集日": "月曜日・木曜日", "プラスチックの収集日": "火曜日", "町名": "西港町（一部）"}
{"粗大ごみの収集日（事前申込制）": "第4水曜日", "家庭ごみの収集日": "火曜日・金曜日", "プラスチックの収集日": "月曜日", "町名": "西港町（一部）"}
{"粗大ごみの収集日（事前申込制）": "第4月曜日", "家庭ごみの収集日": "火曜日・金曜日", "プラスチックの収集日": "月曜日", "町名": "萩崎町"}
{"粗大ごみの収集日（事前申込制）": "第4火曜日", "家庭ごみの収集日": "月曜日・木曜日", "プラスチックの収集日": "金曜日", "町名": "馬借1丁目（13・16番）"}
{"粗大ごみの収集日（事前申込制）": "第4火曜日", "家庭ごみの収集日": "火曜日・金曜日", "プラスチックの収集日": "月曜日", "町名": "馬借1丁目（13・16番を除く）"}
{"粗大ごみの収集日（事前申込制）": "第4火曜日", "家庭ごみの収集日": "月曜日・木曜日", "プラスチックの収集日": "金曜日", "町名": "馬借2丁目 （3・4・7番の一部）"}
{"粗大ごみの収集日（事前申込制）": "第4火曜日", "家庭ごみの収集日": "火曜日・金曜日", "プラスチックの収集日": "月曜日", "町名": "馬借2丁目（ 3・4・7番の一部を除く）"}
{"粗大ごみの収集日（事前申込制）": "第4火曜日", "家庭ごみの収集日": "火曜日・金曜日", "プラスチックの収集日": "月曜日", "町名": "馬借3丁目"}
{"粗大ごみの収集日（事前申込制）": "第1火曜日", "家庭ごみの収集日": "月曜日・木曜日", "プラスチックの収集日": "金曜日", "町名": "原町1～2丁目"}
{"粗大ごみの収集日（事前申込制）": "第4木曜日", "家庭ごみの収集日": "月曜日・木曜日", "プラスチックの収集日": "火曜日", "町名": "日明1～5丁目"}
{"粗大ごみの収集日（事前申込制）": "第3木曜日", "家庭ごみの収集日": "火曜日・金曜日", "プラスチックの収集日": "木曜日", "町名": "東篠崎1丁目（24・25番）"}
{"粗大ごみの収集日（事前申込制）": "第3木曜日", "家庭ごみの収集日": "月曜日・木曜日", "プラスチックの収集日": "火曜日", "町名": "東篠崎1丁目（24・25番を除く）"}
{"粗大ごみの収集日（事前申込制）": "第3木曜日", "家庭ごみの収集日": "火曜日・金曜日", "プラスチックの収集日": "木曜日", "町名": "東篠崎2丁目"}
{"粗大ごみの収集日（事前申込制）": "第3木曜日", "家庭ごみの収集日": "月曜日・木曜日", "プラスチックの収集日": "火曜日", "町名": "東篠崎3丁目"}
{"粗大ごみの収集日（事前申込制）": "第3水曜日", "家庭ごみの収集日": "火曜日・金曜日", "プラスチックの収集日": "木曜日", "町名": "東城野町"}
{"粗大ごみの収集日（事前申込制）": "第4水曜日", "家庭ごみの収集日": "月曜日・木曜日", "プラスチックの収集日": "火曜日", "町名": "東港1～2丁目"}
{"粗大ごみの収集日（事前申込制）": "第4水曜日", "家庭ごみの収集日": "月曜日・木曜日", "プラスチックの収集日": "火曜日", "町名": "平松町"}
{"粗大ごみの収集日（事前申込制）": "第4月曜日", "家庭ごみの収集日": "火曜日・金曜日", "プラスチックの収集日": "月曜日", "町名": "古船場町"}
{"粗大ごみの収集日（事前申込制）": "第1火曜日", "家庭ごみの収集日": "月曜日・木曜日", "プラスチックの収集日": "火曜日", "町名": "弁天町"}
{"粗大ごみの収集日（事前申込制）": "第1月曜日", "家庭ごみの収集日": "月曜日・木曜日", "プラスチックの収集日": "火曜日", "町名": "真鶴1～2丁目"}
{"粗大ごみの収集日（事前申込制）": "第4金曜日", "家庭ごみの収集日": "月曜日・木曜日", "プラスチックの収集日": "火曜日", "町名": "緑ケ丘1～3丁目"}
{"粗大ごみの収集日（事前申込制）": "第1木曜日", "家庭ごみの収集日": "火曜日・金曜日", "プラスチックの収集日": "木曜日", "町名": "南丘1～3丁目"}
{"粗大ごみの収集日（事前申込制）": "第3金曜日", "家庭ごみの収集日": "火曜日・金曜日", "プラスチックの収集日": "月曜日", "町名": "三萩野1～3丁目"}
{"粗大ごみの収集日（事前申込制）": "第1月曜日", "家庭ごみの収集日": "火曜日・金曜日", "プラスチックの収集日": "月曜日", "町名": "都1～2丁目"}
{"粗大ごみの収集日（事前申込制）": "第3火曜日", "家庭ごみの収集日": "月曜日・木曜日", "プラスチックの収集日": "金曜日", "町名": "妙見町"}
{"粗大ごみの収集日（事前申込制）": "第4水曜日", "家庭ごみの収集日": "月曜日・木曜日", "プラスチックの収集日": "金曜日", "町名": "室町1～3丁目"}
{"粗大ごみの収集日（事前申込制）": "第3金曜日", "家庭ごみの収集日": "火曜日・金曜日", "プラスチックの収集日": "月曜日", "町名": "明和町"}
{"粗大ごみの収集日（事前申込制）": "第4火曜日", "家庭ごみの収集日": "月曜日・木曜日", "プラスチックの収集日": "金曜日", "町名": "吉野町"}
{"粗大ごみの収集日（事前申込制）": "第3水曜日", "家庭ごみの収集日": "火曜日・金曜日", "プラスチックの収集日": "木曜日", "町名": "若富士町"}
{"粗大ごみの収集日（事前申込制）": "第3水曜日", "家庭ごみの収集日": "月曜日・木曜日", "プラスチックの収集日": "火曜日", "町名": "相生町"}
{"粗大ごみの収集日（事前申込制）": "第1木曜日", "家庭ごみの収集日": "月曜日・木曜日", "プラスチックの収集日": "火曜日", "町名": "青山1～3丁目"}
{"粗大ごみの収集日（事前申込制）": "第4金曜日", "家庭ごみの収集日": "月曜日・木曜日", "プラスチックの収集日": "金曜日", "町名": "大字浅川"}
{"粗大ごみの収集日（事前申込制）": "第4金曜日", "家庭ごみの収集日": "月曜日・木曜日", "プラスチックの収集日": "金曜日", "町名": "浅川1～2丁目"}
{"粗大ごみの収集日（事前申込制）": "第4金曜日", "家庭ごみの収集日": "月曜日・木曜日", "プラスチックの収集日": "金曜日", "町名": "浅川学園台1～2丁目"}
{"粗大ごみの収集日（事前申込制）": "第4木曜日", "家庭ごみの収集日": "月曜日・木曜日", "プラスチックの収集日": "金曜日", "町名": "浅川学園台3～4丁目"}
{"粗大ごみの収集日（事前申込制）": "第4金曜日", "家庭ごみの収集日": "月曜日・木曜日", "プラスチックの収集日": "金曜日", "町名": "浅川台1～3丁目"}
{"粗大ごみの収集日（事前申込制）": "第4金曜日", "家庭ごみの収集日": "月曜日・木曜日", "プラスチックの収集日": "金曜日", "町名": "浅川日の峯1～4丁目"}
{"粗大ごみの収集日（事前申込制）": "第2木曜日", "家庭ごみの収集日": "月曜日・木曜日", "プラスチックの収集日": "金曜日", "町名": "浅川町"}
{"粗大ごみの収集日（事前申込制）": "第3火曜日", "家庭ごみの収集日": "月曜日・木曜日", "プラスチックの収集日": "金曜日", "町名": "大字穴生"}
{"粗大ごみの収集日（事前申込制）": "第1金曜日", "家庭ごみの収集日": "月曜日・木曜日", "プラスチックの収集日": "火曜日", "町名": "穴生1～4丁目"}
{"粗大ごみの収集日（事前申込制）": "第4木曜日", "家庭ごみの収集日": "火曜日・金曜日", "プラスチックの収集日": "月曜日", "町名": "池田1～3丁目"}
{"粗大ごみの収集日（事前申込制）": "第4火曜日", "家庭ごみの収集日": "火曜日・金曜日", "プラスチックの収集日": "月曜日", "町名": "石坂1～3丁目"}
{"粗大ごみの収集日（事前申込制）": "第2金曜日", "家庭ごみの収集日": "月曜日・木曜日", "プラスチックの収集日": "金曜日", "町名": "泉ケ浦1～3丁目"}
{"粗大ごみの収集日（事前申込制）": "第2木曜日", "家庭ごみの収集日": "月曜日・木曜日", "プラスチックの収集日": "金曜日", "町名": "医生ケ丘"}
{"粗大ごみの収集日（事前申込制）": "第3水曜日", "家庭ごみの収集日": "月曜日・木曜日", "プラスチックの収集日": "火曜日", "町名": "市瀬1～3丁目"}
{"粗大ごみの収集日（事前申込制）": "第4水曜日", "家庭ごみの収集日": "火曜日・金曜日", "プラスチックの収集日": "月曜日", "町名": "岩崎1～4丁目"}
{"粗大ごみの収集日（事前申込制）": "第3木曜日", "家庭ごみの収集日": "月曜日・木曜日", "プラスチックの収集日": "金曜日", "町名": "上の原1～4丁目"}
{"粗大ごみの収集日（事前申込制）": "第3月曜日", "家庭ごみの収集日": "月曜日・木曜日", "プラスチックの収集日": "金曜日", "町名": "大字永犬丸"}
{"粗大ごみの収集日（事前申込制）": "第3月曜日", "家庭ごみの収集日": "月曜日・木曜日", "プラスチックの収集日": "金曜日", "町名": "永犬丸1～5丁目"}
{"粗大ごみの収集日（事前申込制）": "第3月曜日", "家庭ごみの収集日": "月曜日・木曜日", "プラスチックの収集日": "金曜日", "町名": "永犬丸西町1～4丁目"}
{"粗大ごみの収集日（事前申込制）": "第3火曜日", "家庭ごみの収集日": "月曜日・木曜日", "プラスチックの収集日": "金曜日", "町名": "永犬丸東町1～3丁目"}
{"粗大ごみの収集日（事前申込制）": "第3月曜日", "家庭ごみの収集日": "月曜日・木曜日", "プラスチックの収集日": "金曜日", "町名": "永犬丸南町1～5丁目"}
{"粗大ごみの収集日（事前申込制）": "第2木曜日", "家庭ごみの収集日": "月曜日・木曜日", "プラスチックの収集日": "金曜日", "町名": "大浦1～3丁目"}
{"粗大ごみの収集日（事前申込制）": "第1火曜日", "家庭ごみの収集日": "月曜日・木曜日", "プラスチックの収集日": "火曜日", "町名": "大畑町"}
{"粗大ごみの収集日（事前申込制）": "第4月曜日", "家庭ごみの収集日": "月曜日・木曜日", "プラスチックの収集日": "金曜日", "町名": "大平1丁目"}
{"粗大ごみの収集日（事前申込制）": "第4月曜日", "家庭ごみの収集日": "月曜日・木曜日", "プラスチックの収集日": "金曜日", "町名": "大平2丁目（一部）"}
{"粗大ごみの収集日（事前申込制）": "第4月曜日", "家庭ごみの収集日": "火曜日・金曜日", "プラスチックの収集日": "月曜日", "町名": "大平2丁目（一部）"}
{"粗大ごみの収集日（事前申込制）": "第4月曜日", "家庭ごみの収集日": "火曜日・金曜日", "プラスチックの収集日": "月曜日", "町名": "大平3丁目"}
{"粗大ごみの収集日（事前申込制）": "第3金曜日", "家庭ごみの収集日": "月曜日・木曜日", "プラスチックの収集日": "金曜日", "町名": "大平台"}
{"粗大ごみの収集日（事前申込制）": "第1水曜日", "家庭ごみの収集日": "月曜日・木曜日", "プラスチックの収集日": "火曜日", "町名": "岡田町"}
{"粗大ごみの収集日（事前申込制）": "第3火曜日", "家庭ごみの収集日": "月曜日・木曜日", "プラスチックの収集日": "金曜日", "町名": "沖田1～5丁目"}
{"粗大ごみの収集日（事前申込制）": "第2月曜日", "家庭ごみの収集日": "月曜日・木曜日", "プラスチックの収集日": "火曜日", "町名": "御開1～5丁目"}
{"粗大ごみの収集日（事前申込制）": "第2水曜日", "家庭ごみの収集日": "月曜日・木曜日", "プラスチックの収集日": "金曜日", "町名": "折尾1～5丁目"}
{"粗大ごみの収集日（事前申込制）": "第3金曜日", "家庭ごみの収集日": "月曜日・木曜日", "プラスチックの収集日": "金曜日", "町名": "春日台1～6丁目"}
{"粗大ごみの収集日（事前申込制）": "第4火曜日", "家庭ごみの収集日": "火曜日・金曜日", "プラスチックの収集日": "月曜日", "町名": "香月中央1～5丁目"}
{"粗大ごみの収集日（事前申込制）": "第4水曜日", "家庭ごみの収集日": "火曜日・金曜日", "プラスチックの収集日": "月曜日", "町名": "香月西1～4丁目"}
{"粗大ごみの収集日（事前申込制）": "第4火曜日", "家庭ごみの収集日": "火曜日・金曜日", "プラスチックの収集日": "月曜日", "町名": "上香月1～4丁目"}
{"粗大ごみの収集日（事前申込制）": "第3木曜日", "家庭ごみの収集日": "月曜日・木曜日", "プラスチックの収集日": "火曜日", "町名": "上上津役1～6丁目"}
{"粗大ごみの収集日（事前申込制）": "第1水曜日", "家庭ごみの収集日": "月曜日・木曜日", "プラスチックの収集日": "火曜日", "町名": "岸の浦1～2丁目"}
{"粗大ごみの収集日（事前申込制）": "第2水曜日", "家庭ごみの収集日": "月曜日・木曜日", "プラスチックの収集日": "金曜日", "町名": "北鷹見町"}
{"粗大ごみの収集日（事前申込制）": "第4火曜日", "家庭ごみの収集日": "火曜日・金曜日", "プラスチックの収集日": "月曜日", "町名": "吉祥寺町"}
{"粗大ごみの収集日（事前申込制）": "第2火曜日", "家庭ごみの収集日": "月曜日・木曜日", "プラスチックの収集日": "火曜日", "町名": "貴船台"}
{"粗大ごみの収集日（事前申込制）": "第1火曜日", "家庭ごみの収集日": "月曜日・木曜日", "プラスチックの収集日": "火曜日", "町名": "京良城町"}
{"粗大ごみの収集日（事前申込制）": "第4水曜日", "家庭ごみの収集日": "火曜日・金曜日", "プラスチックの収集日": "月曜日", "町名": "楠北1～3丁目"}
{"粗大ごみの収集日（事前申込制）": "第2火曜日", "家庭ごみの収集日": "月曜日・木曜日", "プラスチックの収集日": "金曜日", "町名": "楠木1～2丁目"}
{"粗大ごみの収集日（事前申込制）": "第4水曜日", "家庭ごみの収集日": "火曜日・金曜日", "プラスチックの収集日": "月曜日", "町名": "大字楠橋"}
{"粗大ごみの収集日（事前申込制）": "第4水曜日", "家庭ごみの収集日": "火曜日・金曜日", "プラスチックの収集日": "月曜日", "町名": "楠橋上方1～2丁目"}
{"粗大ごみの収集日（事前申込制）": "第4水曜日", "家庭ごみの収集日": "火曜日・金曜日", "プラスチックの収集日": "月曜日", "町名": "楠橋下方1～3丁目"}
{"粗大ごみの収集日（事前申込制）": "第4水曜日", "家庭ごみの収集日": "火曜日・金曜日", "プラスチックの収集日": "月曜日", "町名": "楠橋西1～3丁目"}
{"粗大ごみの収集日（事前申込制）": "第4木曜日", "家庭ごみの収集日": "火曜日・金曜日", "プラスチックの収集日": "月曜日", "町名": "楠橋東1～2丁目"}
{"粗大ごみの収集日（事前申込制）": "第4木曜日", "家庭ごみの収集日": "火曜日・金曜日", "プラスチックの収集日": "月曜日", "町名": "楠橋南1～2丁目"}
{"粗大ごみの収集日（事前申込制）": "第4木曜日", "家庭ごみの収集日": "火曜日・金曜日", "プラスチックの収集日": "木曜日", "町名": "楠橋南3丁目"}
{"粗大ごみの収集日（事前申込制）": "第1火曜日", "家庭ごみの収集日": "火曜日・金曜日", "プラスチックの収集日": "月曜日", "町名": "熊手1～3丁目"}
{"粗大ごみの収集日（事前申込制）": "第1木曜日", "家庭ごみの収集日": "月曜日・木曜日", "プラスチックの収集日": "火曜日", "町名": "熊西1～2丁目"}
{"粗大ごみの収集日（事前申込制）": "第1月曜日", "家庭ごみの収集日": "火曜日・金曜日", "プラスチックの収集日": "月曜日", "町名": "黒崎1～5丁目"}
{"粗大ごみの収集日（事前申込制）": "第1月曜日", "家庭ごみの収集日": "火曜日・金曜日", "プラスチックの収集日": "月曜日", "町名": "黒崎城石"}
{"粗大ごみの収集日（事前申込制）": "第1木曜日", "家庭ごみの収集日": "月曜日・木曜日", "プラスチックの収集日": "火曜日", "町名": "皇后崎町"}
{"粗大ごみの収集日（事前申込制）": "第1火曜日", "家庭ごみの収集日": "月曜日・木曜日", "プラスチックの収集日": "火曜日", "町名": "河桃町"}
{"粗大ごみの収集日（事前申込制）": "第1月曜日", "家庭ごみの収集日": "火曜日・金曜日", "プラスチックの収集日": "月曜日", "町名": "紅梅1～2丁目"}
{"粗大ごみの収集日（事前申込制）": "第1月曜日", "家庭ごみの収集日": "月曜日・木曜日", "プラスチックの収集日": "火曜日", "町名": "紅梅3～4丁目"}
{"粗大ごみの収集日（事前申込制）": "第2火曜日", "家庭ごみの収集日": "月曜日・木曜日", "プラスチックの収集日": "金曜日", "町名": "光明1～2丁目"}
{"粗大ごみの収集日（事前申込制）": "第1水曜日", "家庭ごみの収集日": "月曜日・木曜日", "プラスチックの収集日": "火曜日", "町名": "小鷺田町"}
{"粗大ごみの収集日（事前申込制）": "第4月曜日", "家庭ごみの収集日": "月曜日・木曜日", "プラスチックの収集日": "火曜日", "町名": "大字小嶺"}
{"粗大ごみの収集日（事前申込制）": "第4月曜日", "家庭ごみの収集日": "火曜日・金曜日", "プラスチックの収集日": "月曜日", "町名": "小嶺1丁目"}
{"粗大ごみの収集日（事前申込制）": "第4月曜日", "家庭ごみの収集日": "月曜日・木曜日", "プラスチックの収集日": "火曜日", "町名": "小嶺2丁目（一部）"}
{"粗大ごみの収集日（事前申込制）": "第4月曜日", "家庭ごみの収集日": "火曜日・金曜日", "プラスチックの収集日": "月曜日", "町名": "小嶺2丁目（一部）"}
{"粗大ごみの収集日（事前申込制）": "第4月曜日", "家庭ごみの収集日": "月曜日・木曜日", "プラスチックの収集日": "火曜日", "町名": "小嶺3丁目"}
{"粗大ごみの収集日（事前申込制）": "第4月曜日", "家庭ごみの収集日": "火曜日・金曜日", "プラスチックの収集日": "月曜日", "町名": "小嶺台1～4丁目"}
{"粗大ごみの収集日（事前申込制）": "第4金曜日", "家庭ごみの収集日": "火曜日・金曜日", "プラスチックの収集日": "月曜日", "町名": "大字木屋瀬"}
{"粗大ごみの収集日（事前申込制）": "第4金曜日", "家庭ごみの収集日": "火曜日・金曜日", "プラスチックの収集日": "月曜日", "町名": "木屋瀬1～5丁目"}
{"粗大ごみの収集日（事前申込制）": "第4金曜日", "家庭ごみの収集日": "火曜日・金曜日", "プラスチックの収集日": "月曜日", "町名": "木屋瀬東1丁目（一部）"}
{"粗大ごみの収集日（事前申込制）": "第4金曜日", "家庭ごみの収集日": "火曜日・金曜日", "プラスチックの収集日": "木曜日", "町名": "木屋瀬東1丁目（一部）"}
{"粗大ごみの収集日（事前申込制）": "第4金曜日", "家庭ごみの収集日": "火曜日・金曜日", "プラスチックの収集日": "木曜日", "町名": "木屋瀬東2～4丁目"}
{"粗大ごみの収集日（事前申込制）": "第4木曜日", "家庭ごみの収集日": "火曜日・金曜日", "プラスチックの収集日": "木曜日", "町名": "大字金剛"}
{"粗大ごみの収集日（事前申込制）": "第4木曜日", "家庭ごみの収集日": "火曜日・金曜日", "プラスチックの収集日": "木曜日", "町名": "金剛1～4丁目"}
{"粗大ごみの収集日（事前申込制）": "第1水曜日", "家庭ごみの収集日": "月曜日・木曜日", "プラスチックの収集日": "火曜日", "町名": "幸神1～4丁目"}
{"粗大ごみの収集日（事前申込制）": "第1木曜日", "家庭ごみの収集日": "月曜日・木曜日", "プラスチックの収集日": "火曜日", "町名": "桜ケ丘町"}
{"粗大ごみの収集日（事前申込制）": "第4金曜日", "家庭ごみの収集日": "火曜日・金曜日", "プラスチックの収集日": "木曜日", "町名": "大字笹田"}
{"粗大ごみの収集日（事前申込制）": "第2金曜日", "家庭ごみの収集日": "月曜日・木曜日", "プラスチックの収集日": "金曜日", "町名": "さつき台1～2丁目"}
{"粗大ごみの収集日（事前申込制）": "第3月曜日", "家庭ごみの収集日": "月曜日・木曜日", "プラスチックの収集日": "金曜日", "町名": "里中1～3丁目"}
{"粗大ごみの収集日（事前申込制）": "第3金曜日", "家庭ごみの収集日": "月曜日・木曜日", "プラスチックの収集日": "金曜日", "町名": "三ケ森1～4丁目"}
{"粗大ごみの収集日（事前申込制）": "第3金曜日", "家庭ごみの収集日": "月曜日・木曜日", "プラスチックの収集日": "金曜日", "町名": "下上津役1～4丁目"}
{"粗大ごみの収集日（事前申込制）": "第3金曜日", "家庭ごみの収集日": "月曜日・木曜日", "プラスチックの収集日": "金曜日", "町名": "下上津役元町"}
{"粗大ごみの収集日（事前申込制）": "第4木曜日", "家庭ごみの収集日": "火曜日・金曜日", "プラスチックの収集日": "月曜日", "町名": "下畑町（一部）"}
{"粗大ごみの収集日（事前申込制）": "第4木曜日", "家庭ごみの収集日": "火曜日・金曜日", "プラスチックの収集日": "木曜日", "町名": "下畑町（一部）"}
{"粗大ごみの収集日（事前申込制）": "第2木曜日", "家庭ごみの収集日": "月曜日・木曜日", "プラスチックの収集日": "金曜日", "町名": "自由ケ丘"}
{"粗大ごみの収集日（事前申込制）": "第2金曜日", "家庭ごみの収集日": "月曜日・木曜日", "プラスチックの収集日": "金曜日", "町名": "松寿山1～3丁目"}
{"粗大ごみの収集日（事前申込制）": "第4火曜日", "家庭ごみの収集日": "火曜日・金曜日", "プラスチックの収集日": "月曜日", "町名": "白岩町"}
{"粗大ごみの収集日（事前申込制）": "第1金曜日", "家庭ごみの収集日": "月曜日・木曜日", "プラスチックの収集日": "火曜日", "町名": "陣原1～5丁目"}
{"粗大ごみの収集日（事前申込制）": "第1月曜日", "家庭ごみの収集日": "月曜日・木曜日", "プラスチックの収集日": "火曜日", "町名": "陣山1丁目（一部）"}
{"粗大ごみの収集日（事前申込制）": "第1月曜日", "家庭ごみの収集日": "火曜日・金曜日", "プラスチックの収集日": "月曜日", "町名": "陣山1丁目（一部）"}
{"粗大ごみの収集日（事前申込制）": "第1月曜日", "家庭ごみの収集日": "月曜日・木曜日", "プラスチックの収集日": "火曜日", "町名": "陣山2丁目（一部）"}
{"粗大ごみの収集日（事前申込制）": "第1月曜日", "家庭ごみの収集日": "火曜日・金曜日", "プラスチックの収集日": "月曜日", "町名": "陣山2丁目（一部）"}
{"粗大ごみの収集日（事前申込制）": "第1月曜日", "家庭ごみの収集日": "月曜日・木曜日", "プラスチックの収集日": "火曜日", "町名": "陣山3丁目"}
{"粗大ごみの収集日（事前申込制）": "第1水曜日", "家庭ごみの収集日": "火曜日・金曜日", "プラスチックの収集日": "月曜日", "町名": "菅原町"}
{"粗大ごみの収集日（事前申込制）": "第2金曜日", "家庭ごみの収集日": "月曜日・木曜日", "プラスチックの収集日": "火曜日", "町名": "瀬板1～2丁目"}
{"粗大ごみの収集日（事前申込制）": "第1火曜日", "家庭ごみの収集日": "月曜日・木曜日", "プラスチックの収集日": "火曜日", "町名": "清納1～2丁目"}
{"粗大ごみの収集日（事前申込制）": "第2火曜日", "家庭ごみの収集日": "月曜日・木曜日", "プラスチックの収集日": "火曜日", "町名": "星和町"}
{"粗大ごみの収集日（事前申込制）": "第2水曜日", "家庭ごみの収集日": "月曜日・木曜日", "プラスチックの収集日": "金曜日", "町名": "大膳1～2丁目"}
{"粗大ごみの収集日（事前申込制）": "第4水曜日", "家庭ごみの収集日": "火曜日・金曜日", "プラスチックの収集日": "月曜日", "町名": "高江1～5丁目"}
{"粗大ごみの収集日（事前申込制）": "第1金曜日", "家庭ごみの収集日": "月曜日・木曜日", "プラスチックの収集日": "火曜日", "町名": "鷹の巣1～3丁目"}
{"粗大ごみの収集日（事前申込制）": "第3月曜日", "家庭ごみの収集日": "月曜日・木曜日", "プラスチックの収集日": "金曜日", "町名": "鷹見台1～4丁目"}
{"粗大ごみの収集日（事前申込制）": "第3水曜日", "家庭ごみの収集日": "月曜日・木曜日", "プラスチックの収集日": "火曜日", "町名": "竹末1～2丁目"}
{"粗大ごみの収集日（事前申込制）": "第1月曜日", "家庭ごみの収集日": "火曜日・金曜日", "プラスチックの収集日": "月曜日", "町名": "田町1～2丁目"}
{"粗大ごみの収集日（事前申込制）": "第1水曜日", "家庭ごみの収集日": "月曜日・木曜日", "プラスチックの収集日": "火曜日", "町名": "茶売町"}
{"粗大ごみの収集日（事前申込制）": "第4木曜日", "家庭ごみの収集日": "火曜日・金曜日", "プラスチックの収集日": "月曜日", "町名": "茶屋の原1～4丁目"}
{"粗大ごみの収集日（事前申込制）": "第4火曜日", "家庭ごみの収集日": "火曜日・金曜日", "プラスチックの収集日": "月曜日", "町名": "千代1～5丁目"}
{"粗大ごみの収集日（事前申込制）": "第4木曜日", "家庭ごみの収集日": "月曜日・木曜日", "プラスチックの収集日": "火曜日", "町名": "千代ケ崎1～3丁目"}
{"粗大ごみの収集日（事前申込制）": "第1月曜日", "家庭ごみの収集日": "火曜日・金曜日", "プラスチックの収集日": "月曜日", "町名": "築地町"}
{"粗大ごみの収集日（事前申込制）": "第1水曜日", "家庭ごみの収集日": "月曜日・木曜日", "プラスチックの収集日": "火曜日", "町名": "筒井町"}
{"粗大ごみの収集日（事前申込制）": "第3水曜日", "家庭ごみの収集日": "月曜日・木曜日", "プラスチックの収集日": "火曜日", "町名": "鉄王1～2丁目"}
{"粗大ごみの収集日（事前申込制）": "第1木曜日", "家庭ごみの収集日": "月曜日・木曜日", "プラスチックの収集日": "火曜日", "町名": "鉄竜1～2丁目"}
{"粗大ごみの収集日（事前申込制）": "第2水曜日", "家庭ごみの収集日": "月曜日・木曜日", "プラスチックの収集日": "金曜日", "町名": "東筑1～2丁目"}
{"粗大ごみの収集日（事前申込制）": "第3金曜日", "家庭ごみの収集日": "月曜日・木曜日", "プラスチックの収集日": "金曜日", "町名": "塔野1～3丁目"}
{"粗大ごみの収集日（事前申込制）": "第2月曜日", "家庭ごみの収集日": "月曜日・木曜日", "プラスチックの収集日": "火曜日", "町名": "洞北町"}
{"粗大ごみの収集日（事前申込制）": "第2火曜日", "家庭ごみの収集日": "月曜日・木曜日", "プラスチックの収集日": "金曜日", "町名": "友田1～3丁目"}
{"粗大ごみの収集日（事前申込制）": "第2水曜日", "家庭ごみの収集日": "月曜日・木曜日", "プラスチックの収集日": "金曜日", "町名": "長崎町"}
{"粗大ごみの収集日（事前申込制）": "第2金曜日", "家庭ごみの収集日": "月曜日・木曜日", "プラスチックの収集日": "火曜日", "町名": "中須1丁目"}
{"粗大ごみの収集日（事前申込制）": "第2金曜日", "家庭ごみの収集日": "月曜日・木曜日", "プラスチックの収集日": "金曜日", "町名": "中須2丁目"}
{"粗大ごみの収集日（事前申込制）": "第3木曜日", "家庭ごみの収集日": "月曜日・木曜日", "プラスチックの収集日": "金曜日", "町名": "中の原1～3丁目"}
{"粗大ごみの収集日（事前申込制）": "第1火曜日", "家庭ごみの収集日": "月曜日・木曜日", "プラスチックの収集日": "火曜日", "町名": "鳴水町"}
{"粗大ごみの収集日（事前申込制）": "第1水曜日", "家庭ごみの収集日": "月曜日・木曜日", "プラスチックの収集日": "火曜日", "町名": "西王子町"}
{"粗大ごみの収集日（事前申込制）": "第2水曜日", "家庭ごみの収集日": "月曜日・木曜日", "プラスチックの収集日": "金曜日", "町名": "西折尾町"}
{"粗大ごみの収集日（事前申込制）": "第1火曜日", "家庭ごみの収集日": "月曜日・木曜日", "プラスチックの収集日": "火曜日", "町名": "西川頭町"}
{"粗大ごみの収集日（事前申込制）": "第1火曜日", "家庭ごみの収集日": "月曜日・木曜日", "プラスチックの収集日": "火曜日", "町名": "西神原町"}
{"粗大ごみの収集日（事前申込制）": "第1火曜日", "家庭ごみの収集日": "月曜日・木曜日", "プラスチックの収集日": "火曜日", "町名": "西鳴水1～2丁目"}
{"粗大ごみの収集日（事前申込制）": "第1水曜日", "家庭ごみの収集日": "月曜日・木曜日", "プラスチックの収集日": "火曜日", "町名": "西曲里町"}
{"粗大ごみの収集日（事前申込制）": "第4金曜日", "家庭ごみの収集日": "火曜日・金曜日", "プラスチックの収集日": "木曜日", "町名": "大字野面"}
{"粗大ごみの収集日（事前申込制）": "第4金曜日", "家庭ごみの収集日": "火曜日・金曜日", "プラスチックの収集日": "木曜日", "町名": "野面1～2丁目"}
{"粗大ごみの収集日（事前申込制）": "第2金曜日", "家庭ごみの収集日": "月曜日・木曜日", "プラスチックの収集日": "金曜日", "町名": "則松1～7丁目"}
{"粗大ごみの収集日（事前申込制）": "第2金曜日", "家庭ごみの収集日": "月曜日・木曜日", "プラスチックの収集日": "金曜日", "町名": "則松東1～2丁目"}
{"粗大ごみの収集日（事前申込制）": "第1木曜日", "家庭ごみの収集日": "月曜日・木曜日", "プラスチックの収集日": "火曜日", "町名": "萩原1～3丁目"}
{"粗大ごみの収集日（事前申込制）": "第4木曜日", "家庭ごみの収集日": "火曜日・金曜日", "プラスチックの収集日": "木曜日", "町名": "大字畑"}
{"粗大ごみの収集日（事前申込制）": "第4木曜日", "家庭ごみの収集日": "火曜日・金曜日", "プラスチックの収集日": "月曜日", "町名": "馬場山"}
{"粗大ごみの収集日（事前申込制）": "第4木曜日", "家庭ごみの収集日": "火曜日・金曜日", "プラスチックの収集日": "月曜日", "町名": "馬場山西"}
{"粗大ごみの収集日（事前申込制）": "第4木曜日", "家庭ごみの収集日": "火曜日・金曜日", "プラスチックの収集日": "月曜日", "町名": "馬場山原"}
{"粗大ごみの収集日（事前申込制）": "第4木曜日", "家庭ごみの収集日": "火曜日・金曜日", "プラスチックの収集日": "木曜日", "町名": "馬場山東1～3丁目"}
{"粗大ごみの収集日（事前申込制）": "第4木曜日", "家庭ごみの収集日": "火曜日・金曜日", "プラスチックの収集日": "月曜日", "町名": "馬場山緑"}
{"粗大ごみの収集日（事前申込制）": "第4火曜日", "家庭ごみの収集日": "火曜日・金曜日", "プラスチックの収集日": "月曜日", "町名": "東石坂町"}
{"粗大ごみの収集日（事前申込制）": "第1水曜日", "家庭ごみの収集日": "月曜日・木曜日", "プラスチックの収集日": "火曜日", "町名": "東王子町"}
{"粗大ごみの収集日（事前申込制）": "第2水曜日", "家庭ごみの収集日": "月曜日・木曜日", "プラスチックの収集日": "金曜日", "町名": "東折尾町"}
{"粗大ごみの収集日（事前申込制）": "第1火曜日", "家庭ごみの収集日": "月曜日・木曜日", "プラスチックの収集日": "火曜日", "町名": "東川頭町"}
{"粗大ごみの収集日（事前申込制）": "第1火曜日", "家庭ごみの収集日": "月曜日・木曜日", "プラスチックの収集日": "火曜日", "町名": "東神原町"}
{"粗大ごみの収集日（事前申込制）": "第1火曜日", "家庭ごみの収集日": "月曜日・木曜日", "プラスチックの収集日": "火曜日", "町名": "東鳴水1～5丁目"}
{"粗大ごみの収集日（事前申込制）": "第1月曜日", "家庭ごみの収集日": "火曜日・金曜日", "プラスチックの収集日": "月曜日", "町名": "東浜町"}
{"粗大ごみの収集日（事前申込制）": "第1水曜日", "家庭ごみの収集日": "月曜日・木曜日", "プラスチックの収集日": "火曜日", "町名": "東曲里町"}
{"粗大ごみの収集日（事前申込制）": "第3水曜日", "家庭ごみの収集日": "月曜日・木曜日", "プラスチックの収集日": "火曜日", "町名": "引野1～3丁目"}
{"粗大ごみの収集日（事前申込制）": "第1金曜日", "家庭ごみの収集日": "月曜日・木曜日", "プラスチックの収集日": "火曜日", "町名": "樋口町"}
{"粗大ごみの収集日（事前申込制）": "第2木曜日", "家庭ごみの収集日": "月曜日・木曜日", "プラスチックの収集日": "金曜日", "町名": "日吉台1～3丁目"}
{"粗大ごみの収集日（事前申込制）": "第1火曜日", "家庭ごみの収集日": "月曜日・木曜日", "プラスチックの収集日": "火曜日", "町名": "平尾町"}
{"粗大ごみの収集日（事前申込制）": "第1月曜日", "家庭ごみの収集日": "火曜日・金曜日", "プラスチックの収集日": "月曜日", "町名": "藤田1～4丁目"}
{"粗大ごみの収集日（事前申込制）": "第2木曜日", "家庭ごみの収集日": "月曜日・木曜日", "プラスチックの収集日": "金曜日", "町名": "藤原1～4丁目"}
{"粗大ごみの収集日（事前申込制）": "第4火曜日", "家庭ごみの収集日": "月曜日・木曜日", "プラスチックの収集日": "金曜日", "町名": "船越1丁目（一部）"}
{"粗大ごみの収集日（事前申込制）": "第4火曜日", "家庭ごみの収集日": "火曜日・金曜日", "プラスチックの収集日": "月曜日", "町名": "船越1丁目（一部）"}
{"粗大ごみの収集日（事前申込制）": "第4火曜日", "家庭ごみの収集日": "火曜日・金曜日", "プラスチックの収集日": "月曜日", "町名": "船越2～3丁目"}
{"粗大ごみの収集日（事前申込制）": "第1月曜日", "家庭ごみの収集日": "火曜日・金曜日", "プラスチックの収集日": "月曜日", "町名": "舟町"}
{"粗大ごみの収集日（事前申込制）": "第3水曜日", "家庭ごみの収集日": "月曜日・木曜日", "プラスチックの収集日": "火曜日", "町名": "別所町"}
{"粗大ごみの収集日（事前申込制）": "第3水曜日", "家庭ごみの収集日": "月曜日・木曜日", "プラスチックの収集日": "火曜日", "町名": "別当町"}
{"粗大ごみの収集日（事前申込制）": "第3月曜日", "家庭ごみの収集日": "月曜日・木曜日", "プラスチックの収集日": "金曜日", "町名": "北筑1～3丁目"}
{"粗大ごみの収集日（事前申込制）": "第4金曜日", "家庭ごみの収集日": "火曜日・金曜日", "プラスチックの収集日": "木曜日", "町名": "星ケ丘1～7丁目"}
{"粗大ごみの収集日（事前申込制）": "第2水曜日", "家庭ごみの収集日": "月曜日・木曜日", "プラスチックの収集日": "金曜日", "町名": "堀川町"}
{"粗大ごみの収集日（事前申込制）": "第4木曜日", "家庭ごみの収集日": "月曜日・木曜日", "プラスチックの収集日": "金曜日", "町名": "大字本城（一部）"}
{"粗大ごみの収集日（事前申込制）": "第4木曜日", "家庭ごみの収集日": "火曜日・金曜日", "プラスチックの収集日": "月曜日", "町名": "大字本城（一部）"}
{"粗大ごみの収集日（事前申込制）": "第2月曜日", "家庭ごみの収集日": "月曜日・木曜日", "プラスチックの収集日": "火曜日", "町名": "本城1丁目"}
{"粗大ごみの収集日（事前申込制）": "第2月曜日", "家庭ごみの収集日": "月曜日・木曜日", "プラスチックの収集日": "金曜日", "町名": "本城2丁目"}
{"粗大ごみの収集日（事前申込制）": "第2月曜日", "家庭ごみの収集日": "月曜日・木曜日", "プラスチックの収集日": "火曜日", "町名": "本城3～5丁目"}
{"粗大ごみの収集日（事前申込制）": "第4木曜日", "家庭ごみの収集日": "火曜日・金曜日", "プラスチックの収集日": "月曜日", "町名": "本城学研台1～3丁目"}
{"粗大ごみの収集日（事前申込制）": "第2月曜日", "家庭ごみの収集日": "月曜日・木曜日", "プラスチックの収集日": "火曜日", "町名": "本城東1～3丁目"}
{"粗大ごみの収集日（事前申込制）": "第2火曜日", "家庭ごみの収集日": "月曜日・木曜日", "プラスチックの収集日": "火曜日", "町名": "本城東4～6丁目"}
{"粗大ごみの収集日（事前申込制）": "第4月曜日", "家庭ごみの収集日": "月曜日・木曜日", "プラスチックの収集日": "金曜日", "町名": "町上津役西1～2丁目"}
{"粗大ごみの収集日（事前申込制）": "第4月曜日", "家庭ごみの収集日": "月曜日・木曜日", "プラスチックの収集日": "金曜日", "町名": "町上津役西3丁目（一部）"}
{"粗大ごみの収集日（事前申込制）": "第4月曜日", "家庭ごみの収集日": "火曜日・金曜日", "プラスチックの収集日": "月曜日", "町名": "町上津役西3丁目（一部）"}
{"粗大ごみの収集日（事前申込制）": "第4月曜日", "家庭ごみの収集日": "月曜日・木曜日", "プラスチックの収集日": "金曜日", "町名": "町上津役西4丁目（一部）"}
{"粗大ごみの収集日（事前申込制）": "第4月曜日", "家庭ごみの収集日": "火曜日・金曜日", "プラスチックの収集日": "月曜日", "町名": "町上津役西4丁目（一部）"}
{"粗大ごみの収集日（事前申込制）": "第4月曜日", "家庭ごみの収集日": "月曜日・木曜日", "プラスチックの収集日": "火曜日", "町名": "町上津役東1～3丁目"}
{"粗大ごみの収集日（事前申込制）": "第3火曜日", "家庭ごみの収集日": "月曜日・木曜日", "プラスチックの収集日": "金曜日", "町名": "的場町"}
{"粗大ごみの収集日（事前申込制）": "第4水曜日", "家庭ごみの収集日": "火曜日・金曜日", "プラスチックの収集日": "月曜日", "町名": "真名子1～2丁目"}
{"粗大ごみの収集日（事前申込制）": "第2水曜日", "家庭ごみの収集日": "月曜日・木曜日", "プラスチックの収集日": "金曜日", "町名": "丸尾町"}
{"粗大ごみの収集日（事前申込制）": "第4金曜日", "家庭ごみの収集日": "月曜日・木曜日", "プラスチックの収集日": "金曜日", "町名": "三ツ頭1～2丁目"}
{"粗大ごみの収集日（事前申込制）": "第4木曜日", "家庭ごみの収集日": "月曜日・木曜日", "プラスチックの収集日": "金曜日", "町名": "光貞台1～3丁目"}
{"粗大ごみの収集日（事前申込制）": "第1水曜日", "家庭ごみの収集日": "月曜日・木曜日", "プラスチックの収集日": "火曜日", "町名": "南王子町"}
{"粗大ごみの収集日（事前申込制）": "第2水曜日", "家庭ごみの収集日": "月曜日・木曜日", "プラスチックの収集日": "金曜日", "町名": "南鷹見町"}
{"粗大ごみの収集日（事前申込制）": "第1月曜日", "家庭ごみの収集日": "月曜日・木曜日", "プラスチックの収集日": "火曜日", "町名": "南八千代町"}
{"粗大ごみの収集日（事前申込制）": "第3火曜日", "家庭ごみの収集日": "月曜日・木曜日", "プラスチックの収集日": "金曜日", "町名": "美原町"}
{"粗大ごみの収集日（事前申込制）": "第2水曜日", "家庭ごみの収集日": "月曜日・木曜日", "プラスチックの収集日": "金曜日", "町名": "美吉野町"}
{"粗大ごみの収集日（事前申込制）": "第4火曜日", "家庭ごみの収集日": "火曜日・金曜日", "プラスチックの収集日": "月曜日", "町名": "椋枝1～2丁目"}
{"粗大ごみの収集日（事前申込制）": "第1火曜日", "家庭ごみの収集日": "月曜日・木曜日", "プラスチックの収集日": "火曜日", "町名": "元城町"}
{"粗大ごみの収集日（事前申込制）": "第3火曜日", "家庭ごみの収集日": "月曜日・木曜日", "プラスチックの収集日": "金曜日", "町名": "森下町"}
{"粗大ごみの収集日（事前申込制）": "第1月曜日", "家庭ごみの収集日": "火曜日・金曜日", "プラスチックの収集日": "月曜日", "町名": "屋敷1～2丁目"}
{"粗大ごみの収集日（事前申込制）": "第1月曜日", "家庭ごみの収集日": "火曜日・金曜日", "プラスチックの収集日": "月曜日", "町名": "八千代町"}
{"粗大ごみの収集日（事前申込制）": "第3月曜日", "家庭ごみの収集日": "月曜日・木曜日", "プラスチックの収集日": "金曜日", "町名": "八枝1～5丁目"}
{"粗大ごみの収集日（事前申込制）": "第1水曜日", "家庭ごみの収集日": "月曜日・木曜日", "プラスチックの収集日": "火曜日", "町名": "山寺町"}
{"粗大ごみの収集日（事前申込制）": "第2火曜日", "家庭ごみの収集日": "月曜日・木曜日", "プラスチックの収集日": "火曜日", "町名": "夕原町"}
{"粗大ごみの収集日（事前申込制）": "第3火曜日", "家庭ごみの収集日": "月曜日・木曜日", "プラスチックの収集日": "金曜日", "町名": "養福寺町"}
{"粗大ごみの収集日（事前申込制）": "第4木曜日", "家庭ごみの収集日": "月曜日・木曜日", "プラスチックの収集日": "火曜日", "町名": "力丸町（一部）"}
{"粗大ごみの収集日（事前申込制）": "第4木曜日", "家庭ごみの収集日": "月曜日・木曜日", "プラスチックの収集日": "金曜日", "町名": "力丸町（一部）"}
{"粗大ごみの収集日（事前申込制）": "第3火曜日", "家庭ごみの収集日": "月曜日・木曜日", "プラスチックの収集日": "金曜日", "町名": "若葉1～3丁目"}
{"粗大ごみの収集日（事前申込制）": "第3水曜日", "家庭ごみの収集日": "月曜日・木曜日", "プラスチックの収集日": "火曜日", "町名": "割子川1～2丁目"}
{"粗大ごみの収集日（事前申込制）": "第3金曜日", "家庭ごみの収集日": "月曜日・木曜日", "プラスチックの収集日": "火曜日", "町名": "安部山"}
{"粗大ごみの収集日（事前申込制）": "第3月曜日", "家庭ごみの収集日": "火曜日・金曜日", "プラスチックの収集日": "月曜日", "町名": "大字石田"}
{"粗大ごみの収集日（事前申込制）": "第3水曜日", "家庭ごみの収集日": "月曜日・木曜日", "プラスチックの収集日": "金曜日", "町名": "石田町"}
{"粗大ごみの収集日（事前申込制）": "第3月曜日", "家庭ごみの収集日": "月曜日・木曜日", "プラスチックの収集日": "金曜日", "町名": "石田南1～3丁目"}
{"粗大ごみの収集日（事前申込制）": "第2水曜日", "家庭ごみの収集日": "月曜日・木曜日", "プラスチックの収集日": "金曜日", "町名": "大字石原町"}
{"粗大ごみの収集日（事前申込制）": "第2水曜日", "家庭ごみの収集日": "月曜日・木曜日", "プラスチックの収集日": "金曜日", "町名": "大字市丸"}
{"粗大ごみの収集日（事前申込制）": "第2水曜日", "家庭ごみの収集日": "月曜日・木曜日", "プラスチックの収集日": "金曜日", "町名": "大字井手浦"}
{"粗大ごみの収集日（事前申込制）": "第2水曜日", "家庭ごみの収集日": "月曜日・木曜日", "プラスチックの収集日": "金曜日", "町名": "大字合馬"}
{"粗大ごみの収集日（事前申込制）": "第2火曜日", "家庭ごみの収集日": "月曜日・木曜日", "プラスチックの収集日": "金曜日", "町名": "大字長行（一部）"}
{"粗大ごみの収集日（事前申込制）": "第2火曜日", "家庭ごみの収集日": "火曜日・金曜日", "プラスチックの収集日": "月曜日", "町名": "大字長行（一部）"}
{"粗大ごみの収集日（事前申込制）": "第2火曜日", "家庭ごみの収集日": "火曜日・金曜日", "プラスチックの収集日": "月曜日", "町名": "長行西1～5丁目"}
{"粗大ごみの収集日（事前申込制）": "第2火曜日", "家庭ごみの収集日": "火曜日・金曜日", "プラスチックの収集日": "月曜日", "町名": "長行東1～3丁目"}
{"粗大ごみの収集日（事前申込制）": "第2水曜日", "家庭ごみの収集日": "月曜日・木曜日", "プラスチックの収集日": "金曜日", "町名": "大字頂吉"}
{"粗大ごみの収集日（事前申込制）": "第3水曜日", "家庭ごみの収集日": "月曜日・木曜日", "プラスチックの収集日": "金曜日", "町名": "隠蓑"}
{"粗大ごみの収集日（事前申込制）": "第3水曜日", "家庭ごみの収集日": "月曜日・木曜日", "プラスチックの収集日": "金曜日", "町名": "大字隠蓑"}
{"粗大ごみの収集日（事前申込制）": "第3水曜日", "家庭ごみの収集日": "月曜日・木曜日", "プラスチックの収集日": "金曜日", "町名": "上石田1～4丁目"}
{"粗大ごみの収集日（事前申込制）": "第3金曜日", "家庭ごみの収集日": "月曜日・木曜日", "プラスチックの収集日": "火曜日", "町名": "上葛原1～2丁目"}
{"粗大ごみの収集日（事前申込制）": "第4金曜日", "家庭ごみの収集日": "月曜日・木曜日", "プラスチックの収集日": "金曜日", "町名": "上曽根1～5丁目"}
{"粗大ごみの収集日（事前申込制）": "第4金曜日", "家庭ごみの収集日": "月曜日・木曜日", "プラスチックの収集日": "金曜日", "町名": "上曽根新町"}
{"粗大ごみの収集日（事前申込制）": "第4木曜日", "家庭ごみの収集日": "月曜日・木曜日", "プラスチックの収集日": "金曜日", "町名": "上貫1～3丁目"}
{"粗大ごみの収集日（事前申込制）": "第4火曜日", "家庭ごみの収集日": "月曜日・木曜日", "プラスチックの収集日": "火曜日", "町名": "上吉田1～6丁目"}
{"粗大ごみの収集日（事前申込制）": "第1金曜日", "家庭ごみの収集日": "火曜日・金曜日", "プラスチックの収集日": "月曜日", "町名": "蒲生1～5丁目"}
{"粗大ごみの収集日（事前申込制）": "第2木曜日", "家庭ごみの収集日": "月曜日・木曜日", "プラスチックの収集日": "金曜日", "町名": "企救丘1～3丁目"}
{"粗大ごみの収集日（事前申込制）": "第2木曜日", "家庭ごみの収集日": "月曜日・木曜日", "プラスチックの収集日": "金曜日", "町名": "企救丘4丁目（一部）"}
{"粗大ごみの収集日（事前申込制）": "第2木曜日", "家庭ごみの収集日": "火曜日・金曜日", "プラスチックの収集日": "木曜日", "町名": "企救丘4丁目（一部）"}
{"粗大ごみの収集日（事前申込制）": "第2木曜日", "家庭ごみの収集日": "火曜日・金曜日", "プラスチックの収集日": "木曜日", "町名": "企救丘5～6丁目"}
{"粗大ごみの収集日（事前申込制）": "第1金曜日", "家庭ごみの収集日": "月曜日・木曜日", "プラスチックの収集日": "木曜日", "町名": "北方1丁目（一部）"}
{"粗大ごみの収集日（事前申込制）": "第1金曜日", "家庭ごみの収集日": "火曜日・金曜日", "プラスチックの収集日": "木曜日", "町名": "北方1丁目（一部）"}
{"粗大ごみの収集日（事前申込制）": "第1金曜日", "家庭ごみの収集日": "火曜日・金曜日", "プラスチックの収集日": "木曜日", "町名": "北方2～5丁目"}
{"粗大ごみの収集日（事前申込制）": "第2水曜日", "家庭ごみの収集日": "月曜日・木曜日", "プラスチックの収集日": "金曜日", "町名": "大字木下"}
{"粗大ごみの収集日（事前申込制）": "第4金曜日", "家庭ごみの収集日": "月曜日・木曜日", "プラスチックの収集日": "金曜日", "町名": "大字朽網"}
{"粗大ごみの収集日（事前申込制）": "第4金曜日", "家庭ごみの収集日": "月曜日・木曜日", "プラスチックの収集日": "金曜日", "町名": "朽網西1～6丁目"}
{"粗大ごみの収集日（事前申込制）": "第4金曜日", "家庭ごみの収集日": "月曜日・木曜日", "プラスチックの収集日": "金曜日", "町名": "朽網東1～6丁目"}
{"粗大ごみの収集日（事前申込制）": "第3金曜日", "家庭ごみの収集日": "月曜日・木曜日", "プラスチックの収集日": "火曜日", "町名": "葛原1～5丁目"}
{"粗大ごみの収集日（事前申込制）": "第3金曜日", "家庭ごみの収集日": "月曜日・木曜日", "プラスチックの収集日": "火曜日", "町名": "葛原高松1～2丁目"}
{"粗大ごみの収集日（事前申込制）": "第4月曜日", "家庭ごみの収集日": "月曜日・木曜日", "プラスチックの収集日": "金曜日", "町名": "葛原東1～6丁目"}
{"粗大ごみの収集日（事前申込制）": "第3金曜日", "家庭ごみの収集日": "月曜日・木曜日", "プラスチックの収集日": "火曜日", "町名": "葛原本町1丁目（一部）"}
{"粗大ごみの収集日（事前申込制）": "第3金曜日", "家庭ごみの収集日": "月曜日・木曜日", "プラスチックの収集日": "金曜日", "町名": "葛原本町1丁目（一部）"}
{"粗大ごみの収集日（事前申込制）": "第3金曜日", "家庭ごみの収集日": "月曜日・木曜日", "プラスチックの収集日": "火曜日", "町名": "葛原本町2～5丁目"}
{"粗大ごみの収集日（事前申込制）": "第3金曜日", "家庭ごみの収集日": "月曜日・木曜日", "プラスチックの収集日": "金曜日", "町名": "葛原本町6丁目"}
{"粗大ごみの収集日（事前申込制）": "第3金曜日", "家庭ごみの収集日": "月曜日・木曜日", "プラスチックの収集日": "金曜日", "町名": "葛原元町1丁目"}
{"粗大ごみの収集日（事前申込制）": "第3金曜日", "家庭ごみの収集日": "月曜日・木曜日", "プラスチックの収集日": "金曜日", "町名": "葛原元町2丁目"}
{"粗大ごみの収集日（事前申込制）": "第3金曜日", "家庭ごみの収集日": "月曜日・木曜日", "プラスチックの収集日": "金曜日", "町名": "葛原元町3丁目"}
{"粗大ごみの収集日（事前申込制）": "第2水曜日", "家庭ごみの収集日": "月曜日・木曜日", "プラスチックの収集日": "金曜日", "町名": "大字小森"}
{"粗大ごみの収集日（事前申込制）": "第2火曜日", "家庭ごみの収集日": "月曜日・木曜日", "プラスチックの収集日": "金曜日", "町名": "大字志井（一部）"}
{"粗大ごみの収集日（事前申込制）": "第2火曜日", "家庭ごみの収集日": "火曜日・金曜日", "プラスチックの収集日": "月曜日", "町名": "大字志井（一部）"}
{"粗大ごみの収集日（事前申込制）": "第2金曜日", "家庭ごみの収集日": "火曜日・金曜日", "プラスチックの収集日": "月曜日", "町名": "志井1～6丁目"}
{"粗大ごみの収集日（事前申込制）": "第2金曜日", "家庭ごみの収集日": "火曜日・金曜日", "プラスチックの収集日": "月曜日", "町名": "志井公園"}
{"粗大ごみの収集日（事前申込制）": "第2火曜日", "家庭ごみの収集日": "火曜日・金曜日", "プラスチックの収集日": "月曜日", "町名": "志井鷹羽台"}
{"粗大ごみの収集日（事前申込制）": "第1金曜日", "家庭ごみの収集日": "月曜日・木曜日", "プラスチックの収集日": "火曜日", "町名": "重住1～2丁目"}
{"粗大ごみの収集日（事前申込制）": "第2木曜日", "家庭ごみの収集日": "火曜日・金曜日", "プラスチックの収集日": "木曜日", "町名": "志徳1～2丁目"}
{"粗大ごみの収集日（事前申込制）": "第3水曜日", "家庭ごみの収集日": "月曜日・木曜日", "プラスチックの収集日": "金曜日", "町名": "下石田1～3丁目"}
{"粗大ごみの収集日（事前申込制）": "第1金曜日", "家庭ごみの収集日": "月曜日・木曜日", "プラスチックの収集日": "火曜日", "町名": "下城野1～2丁目"}
{"粗大ごみの収集日（事前申込制）": "第1金曜日", "家庭ごみの収集日": "月曜日・木曜日", "プラスチックの収集日": "火曜日", "町名": "下城野3丁目（一部）"}
{"粗大ごみの収集日（事前申込制）": "第1金曜日", "家庭ごみの収集日": "火曜日・金曜日", "プラスチックの収集日": "木曜日", "町名": "下城野3丁目（一部）"}
{"粗大ごみの収集日（事前申込制）": "第4水曜日", "家庭ごみの収集日": "月曜日・木曜日", "プラスチックの収集日": "金曜日", "町名": "下曽根1～4丁目"}
{"粗大ごみの収集日（事前申込制）": "第4水曜日", "家庭ごみの収集日": "月曜日・木曜日", "プラスチックの収集日": "金曜日", "町名": "下曽根新町"}
{"粗大ごみの収集日（事前申込制）": "第4木曜日", "家庭ごみの収集日": "月曜日・木曜日", "プラスチックの収集日": "金曜日", "町名": "下貫1～4丁目"}
{"粗大ごみの収集日（事前申込制）": "第2月曜日", "家庭ごみの収集日": "火曜日・金曜日", "プラスチックの収集日": "月曜日", "町名": "下南方1～2丁目"}
{"粗大ごみの収集日（事前申込制）": "第4火曜日", "家庭ごみの収集日": "火曜日・金曜日", "プラスチックの収集日": "木曜日", "町名": "下吉田1～4丁目"}
{"粗大ごみの収集日（事前申込制）": "第1金曜日", "家庭ごみの収集日": "月曜日・木曜日", "プラスチックの収集日": "火曜日", "町名": "城野1～4丁目"}
{"粗大ごみの収集日（事前申込制）": "第4月曜日", "家庭ごみの収集日": "月曜日・木曜日", "プラスチックの収集日": "金曜日", "町名": "新曽根"}
{"粗大ごみの収集日（事前申込制）": "第2水曜日", "家庭ごみの収集日": "月曜日・木曜日", "プラスチックの収集日": "金曜日", "町名": "大字新道寺"}
{"粗大ごみの収集日（事前申込制）": "第3火曜日", "家庭ごみの収集日": "火曜日・金曜日", "プラスチックの収集日": "木曜日", "町名": "星和台1丁目"}
{"粗大ごみの収集日（事前申込制）": "第3火曜日", "家庭ごみの収集日": "月曜日・木曜日", "プラスチックの収集日": "木曜日", "町名": "星和台2丁目（一部）"}
{"粗大ごみの収集日（事前申込制）": "第3火曜日", "家庭ごみの収集日": "火曜日・金曜日", "プラスチックの収集日": "木曜日", "町名": "星和台2丁目（一部）"}
{"粗大ごみの収集日（事前申込制）": "第4水曜日", "家庭ごみの収集日": "月曜日・木曜日", "プラスチックの収集日": "金曜日", "町名": "大字曽根"}
{"粗大ごみの収集日（事前申込制）": "第4水曜日", "家庭ごみの収集日": "月曜日・木曜日", "プラスチックの収集日": "金曜日", "町名": "曽根北町"}
{"粗大ごみの収集日（事前申込制）": "第4金曜日", "家庭ごみの収集日": "月曜日・木曜日", "プラスチックの収集日": "金曜日", "町名": "大字曽根新田"}
{"粗大ごみの収集日（事前申込制）": "第4水曜日", "家庭ごみの収集日": "月曜日・木曜日", "プラスチックの収集日": "金曜日", "町名": "曽根新田北1～2丁目"}
{"粗大ごみの収集日（事前申込制）": "第4金曜日", "家庭ごみの収集日": "月曜日・木曜日", "プラスチックの収集日": "金曜日", "町名": "曽根新田北3～5・7丁目"}
{"粗大ごみの収集日（事前申込制）": "第4水曜日", "家庭ごみの収集日": "月曜日・木曜日", "プラスチックの収集日": "金曜日", "町名": "曽根新田南1丁目"}
{"粗大ごみの収集日（事前申込制）": "第4金曜日", "家庭ごみの収集日": "月曜日・木曜日", "プラスチックの収集日": "金曜日", "町名": "曽根新田南2～4丁目"}
{"粗大ごみの収集日（事前申込制）": "第2火曜日", "家庭ごみの収集日": "月曜日・木曜日", "プラスチックの収集日": "金曜日", "町名": "大字高津尾"}
{"粗大ごみの収集日（事前申込制）": "第2火曜日", "家庭ごみの収集日": "火曜日・金曜日", "プラスチックの収集日": "月曜日", "町名": "高野1～6丁目"}
{"粗大ごみの収集日（事前申込制）": "第2水曜日", "家庭ごみの収集日": "月曜日・木曜日", "プラスチックの収集日": "金曜日", "町名": "大字田代"}
{"粗大ごみの収集日（事前申込制）": "第4木曜日", "家庭ごみの収集日": "月曜日・木曜日", "プラスチックの収集日": "金曜日", "町名": "田原1～5丁目"}
{"粗大ごみの収集日（事前申込制）": "第4水曜日", "家庭ごみの収集日": "月曜日・木曜日", "プラスチックの収集日": "金曜日", "町名": "田原新町1～3丁目"}
{"粗大ごみの収集日（事前申込制）": "第2水曜日", "家庭ごみの収集日": "月曜日・木曜日", "プラスチックの収集日": "金曜日", "町名": "大字辻三"}
{"粗大ごみの収集日（事前申込制）": "第4水曜日", "家庭ごみの収集日": "月曜日・木曜日", "プラスチックの収集日": "金曜日", "町名": "津田1～5丁目"}
{"粗大ごみの収集日（事前申込制）": "第4月曜日", "家庭ごみの収集日": "月曜日・木曜日", "プラスチックの収集日": "金曜日", "町名": "津田新町1～4丁目"}
{"粗大ごみの収集日（事前申込制）": "第4月曜日", "家庭ごみの収集日": "月曜日・木曜日", "プラスチックの収集日": "金曜日", "町名": "津田南町"}
{"粗大ごみの収集日（事前申込制）": "第2水曜日", "家庭ごみの収集日": "月曜日・木曜日", "プラスチックの収集日": "金曜日", "町名": "大字道原"}
{"粗大ごみの収集日（事前申込制）": "第2火曜日", "家庭ごみの収集日": "月曜日・木曜日", "プラスチックの収集日": "金曜日", "町名": "大字徳吉"}
{"粗大ごみの収集日（事前申込制）": "第2火曜日", "家庭ごみの収集日": "火曜日・金曜日", "プラスチックの収集日": "月曜日", "町名": "徳吉西1～3丁目"}
{"粗大ごみの収集日（事前申込制）": "第2火曜日", "家庭ごみの収集日": "火曜日・金曜日", "プラスチックの収集日": "月曜日", "町名": "徳吉東1～5丁目"}
{"粗大ごみの収集日（事前申込制）": "第2火曜日", "家庭ごみの収集日": "月曜日・木曜日", "プラスチックの収集日": "金曜日", "町名": "徳吉南1～2丁目"}
{"粗大ごみの収集日（事前申込制）": "第2火曜日", "家庭ごみの収集日": "月曜日・木曜日", "プラスチックの収集日": "金曜日", "町名": "徳吉南3丁目（一部）"}
{"粗大ごみの収集日（事前申込制）": "第2火曜日", "家庭ごみの収集日": "火曜日・金曜日", "プラスチックの収集日": "月曜日", "町名": "徳吉南3丁目（一部）"}
{"粗大ごみの収集日（事前申込制）": "第2火曜日", "家庭ごみの収集日": "月曜日・木曜日", "プラスチックの収集日": "金曜日", "町名": "徳吉南4丁目"}
{"粗大ごみの収集日（事前申込制）": "第2月曜日", "家庭ごみの収集日": "火曜日・金曜日", "プラスチックの収集日": "月曜日", "町名": "徳力1・6丁目"}
{"粗大ごみの収集日（事前申込制）": "第2木曜日", "家庭ごみの収集日": "火曜日・金曜日", "プラスチックの収集日": "月曜日", "町名": "徳力2丁目"}
{"粗大ごみの収集日（事前申込制）": "第2金曜日", "家庭ごみの収集日": "火曜日・金曜日", "プラスチックの収集日": "月曜日", "町名": "徳力3・4・5・7丁目"}
{"粗大ごみの収集日（事前申込制）": "第2月曜日", "家庭ごみの収集日": "火曜日・金曜日", "プラスチックの収集日": "月曜日", "町名": "徳力新町1～2丁目"}
{"粗大ごみの収集日（事前申込制）": "第2月曜日", "家庭ごみの収集日": "火曜日・金曜日", "プラスチックの収集日": "月曜日", "町名": "徳力団地"}
{"粗大ごみの収集日（事前申込制）": "第2火曜日", "家庭ごみの収集日": "火曜日・金曜日", "プラスチックの収集日": "月曜日", "町名": "長尾1～6丁目"}
{"粗大ごみの収集日（事前申込制）": "第4水曜日", "家庭ごみの収集日": "月曜日・木曜日", "プラスチックの収集日": "金曜日", "町名": "中曽根1～6丁目"}
{"粗大ごみの収集日（事前申込制）": "第4水曜日", "家庭ごみの収集日": "月曜日・木曜日", "プラスチックの収集日": "金曜日", "町名": "中曽根新町"}
{"粗大ごみの収集日（事前申込制）": "第4水曜日", "家庭ごみの収集日": "月曜日・木曜日", "プラスチックの収集日": "金曜日", "町名": "中曽根東1～6丁目"}
{"粗大ごみの収集日（事前申込制）": "第4木曜日", "家庭ごみの収集日": "月曜日・木曜日", "プラスチックの収集日": "金曜日", "町名": "中貫1～2丁目"}
{"粗大ごみの収集日（事前申込制）": "第4木曜日", "家庭ごみの収集日": "月曜日・木曜日", "プラスチックの収集日": "金曜日", "町名": "中貫本町"}
{"粗大ごみの収集日（事前申込制）": "第4月曜日", "家庭ごみの収集日": "月曜日・木曜日", "プラスチックの収集日": "金曜日", "町名": "大字長野"}
{"粗大ごみの収集日（事前申込制）": "第4月曜日", "家庭ごみの収集日": "月曜日・木曜日", "プラスチックの収集日": "金曜日", "町名": "長野1～3丁目"}
{"粗大ごみの収集日（事前申込制）": "第4月曜日", "家庭ごみの収集日": "月曜日・木曜日", "プラスチックの収集日": "金曜日", "町名": "長野東町"}
{"粗大ごみの収集日（事前申込制）": "第4月曜日", "家庭ごみの収集日": "月曜日・木曜日", "プラスチックの収集日": "金曜日", "町名": "長野本町1～4丁目"}
{"粗大ごみの収集日（事前申込制）": "第4火曜日", "家庭ごみの収集日": "月曜日・木曜日", "プラスチックの収集日": "火曜日", "町名": "中吉田1～4丁目"}
{"粗大ごみの収集日（事前申込制）": "第4火曜日", "家庭ごみの収集日": "月曜日・木曜日", "プラスチックの収集日": "火曜日", "町名": "中吉田5丁目（一部）"}
{"粗大ごみの収集日（事前申込制）": "第4火曜日", "家庭ごみの収集日": "火曜日・金曜日", "プラスチックの収集日": "木曜日", "町名": "中吉田5丁目（一部）"}
{"粗大ごみの収集日（事前申込制）": "第4火曜日", "家庭ごみの収集日": "月曜日・木曜日", "プラスチックの収集日": "火曜日", "町名": "中吉田6丁目"}
{"粗大ごみの収集日（事前申込制）": "第4木曜日", "家庭ごみの収集日": "月曜日・木曜日", "プラスチックの収集日": "金曜日", "町名": "西貫1～2丁目"}
{"粗大ごみの収集日（事前申込制）": "第1金曜日", "家庭ごみの収集日": "月曜日・木曜日", "プラスチックの収集日": "火曜日", "町名": "西水町"}
{"粗大ごみの収集日（事前申込制）": "第3木曜日", "家庭ごみの収集日": "月曜日・木曜日", "プラスチックの収集日": "火曜日", "町名": "蜷田若園1～3丁目"}
{"粗大ごみの収集日（事前申込制）": "第4木曜日", "家庭ごみの収集日": "月曜日・木曜日", "プラスチックの収集日": "金曜日", "町名": "大字貫"}
{"粗大ごみの収集日（事前申込制）": "第4木曜日", "家庭ごみの収集日": "月曜日・木曜日", "プラスチックの収集日": "金曜日", "町名": "貫弥生が丘1～4丁目"}
{"粗大ごみの収集日（事前申込制）": "第4火曜日", "家庭ごみの収集日": "月曜日・木曜日", "プラスチックの収集日": "火曜日", "町名": "沼新町1～3丁目"}
{"粗大ごみの収集日（事前申込制）": "第4火曜日", "家庭ごみの収集日": "月曜日・木曜日", "プラスチックの収集日": "火曜日", "町名": "沼本町1～4丁目"}
{"粗大ごみの収集日（事前申込制）": "第4月曜日", "家庭ごみの収集日": "月曜日・木曜日", "プラスチックの収集日": "火曜日", "町名": "沼緑町1～5丁目"}
{"粗大ごみの収集日（事前申込制）": "第4月曜日", "家庭ごみの収集日": "月曜日・木曜日", "プラスチックの収集日": "金曜日", "町名": "沼南町1～3丁目"}
{"粗大ごみの収集日（事前申込制）": "第1金曜日", "家庭ごみの収集日": "月曜日・木曜日", "プラスチックの収集日": "火曜日", "町名": "八幡町"}
{"粗大ごみの収集日（事前申込制）": "第3火曜日", "家庭ごみの収集日": "月曜日・木曜日", "プラスチックの収集日": "金曜日", "町名": "葉山町1丁目（一部）"}
{"粗大ごみの収集日（事前申込制）": "第3火曜日", "家庭ごみの収集日": "火曜日・金曜日", "プラスチックの収集日": "木曜日", "町名": "葉山町1丁目（一部）"}
{"粗大ごみの収集日（事前申込制）": "第3火曜日", "家庭ごみの収集日": "火曜日・金曜日", "プラスチックの収集日": "木曜日", "町名": "葉山町2～3丁目"}
{"粗大ごみの収集日（事前申込制）": "第1金曜日", "家庭ごみの収集日": "月曜日・木曜日", "プラスチックの収集日": "火曜日", "町名": "春ケ丘（一部）"}
{"粗大ごみの収集日（事前申込制）": "第1金曜日", "家庭ごみの収集日": "火曜日・金曜日", "プラスチックの収集日": "木曜日", "町名": "春ケ丘（一部）"}
{"粗大ごみの収集日（事前申込制）": "第2水曜日", "家庭ごみの収集日": "月曜日・木曜日", "プラスチックの収集日": "金曜日", "町名": "大字春吉"}
{"粗大ごみの収集日（事前申込制）": "第4木曜日", "家庭ごみの収集日": "月曜日・木曜日", "プラスチックの収集日": "金曜日", "町名": "東貫1～3丁目"}
{"粗大ごみの収集日（事前申込制）": "第1金曜日", "家庭ごみの収集日": "月曜日・木曜日", "プラスチックの収集日": "火曜日", "町名": "東水町"}
{"粗大ごみの収集日（事前申込制）": "第3火曜日", "家庭ごみの収集日": "火曜日・金曜日", "プラスチックの収集日": "木曜日", "町名": "日の出町1～2丁目"}
{"粗大ごみの収集日（事前申込制）": "第2水曜日", "家庭ごみの収集日": "月曜日・木曜日", "プラスチックの収集日": "金曜日", "町名": "平尾台1～3丁目"}
{"粗大ごみの収集日（事前申込制）": "第1金曜日", "家庭ごみの収集日": "月曜日・木曜日", "プラスチックの収集日": "火曜日", "町名": "富士見1～3丁目"}
{"粗大ごみの収集日（事前申込制）": "第3月曜日", "家庭ごみの収集日": "火曜日・金曜日", "プラスチックの収集日": "月曜日", "町名": "大字堀越"}
{"粗大ごみの収集日（事前申込制）": "第3水曜日", "家庭ごみの収集日": "月曜日・木曜日", "プラスチックの収集日": "金曜日", "町名": "舞ケ丘1～6丁目"}
{"粗大ごみの収集日（事前申込制）": "第2月曜日", "家庭ごみの収集日": "火曜日・金曜日", "プラスチックの収集日": "月曜日", "町名": "大字南方"}
{"粗大ごみの収集日（事前申込制）": "第2月曜日", "家庭ごみの収集日": "火曜日・金曜日", "プラスチックの収集日": "月曜日", "町名": "南方1～5丁目"}
{"粗大ごみの収集日（事前申込制）": "第3火曜日", "家庭ごみの収集日": "月曜日・木曜日", "プラスチックの収集日": "金曜日", "町名": "南若園町"}
{"粗大ごみの収集日（事前申込制）": "第2火曜日", "家庭ごみの収集日": "月曜日・木曜日", "プラスチックの収集日": "金曜日", "町名": "大字母原"}
{"粗大ごみの収集日（事前申込制）": "第3月曜日", "家庭ごみの収集日": "火曜日・金曜日", "プラスチックの収集日": "木曜日", "町名": "守恒1～5丁目"}
{"粗大ごみの収集日（事前申込制）": "第3月曜日", "家庭ごみの収集日": "火曜日・金曜日", "プラスチックの収集日": "木曜日", "町名": "守恒本町1～3丁目"}
{"粗大ごみの収集日（事前申込制）": "第3水曜日", "家庭ごみの収集日": "月曜日・木曜日", "プラスチックの収集日": "金曜日", "町名": "八重洲町"}
{"粗大ごみの収集日（事前申込制）": "第3月曜日", "家庭ごみの収集日": "火曜日・金曜日", "プラスチックの収集日": "木曜日", "町名": "山手1丁目"}
{"粗大ごみの収集日（事前申込制）": "第3月曜日", "家庭ごみの収集日": "月曜日・木曜日", "プラスチックの収集日": "木曜日", "町名": "山手2丁目（一部）"}
{"粗大ごみの収集日（事前申込制）": "第3月曜日", "家庭ごみの収集日": "火曜日・金曜日", "プラスチックの収集日": "木曜日", "町名": "山手2丁目（一部）"}
{"粗大ごみの収集日（事前申込制）": "第3月曜日", "家庭ごみの収集日": "月曜日・木曜日", "プラスチックの収集日": "金曜日", "町名": "山手3丁目"}
{"粗大ごみの収集日（事前申込制）": "第2水曜日", "家庭ごみの収集日": "月曜日・木曜日", "プラスチックの収集日": "金曜日", "町名": "大字山本"}
{"粗大ごみの収集日（事前申込制）": "第3木曜日", "家庭ごみの収集日": "月曜日・木曜日", "プラスチックの収集日": "火曜日", "町名": "湯川1～5丁目"}
{"粗大ごみの収集日（事前申込制）": "第3木曜日", "家庭ごみの収集日": "月曜日・木曜日", "プラスチックの収集日": "火曜日", "町名": "湯川新町1～4丁目"}
{"粗大ごみの収集日（事前申込制）": "第3水曜日", "家庭ごみの収集日": "月曜日・木曜日", "プラスチックの収集日": "金曜日", "町名": "大字横代"}
{"粗大ごみの収集日（事前申込制）": "第3水曜日", "家庭ごみの収集日": "月曜日・木曜日", "プラスチックの収集日": "金曜日", "町名": "横代北町1～5丁目"}
{"粗大ごみの収集日（事前申込制）": "第3水曜日", "家庭ごみの収集日": "月曜日・木曜日", "プラスチックの収集日": "金曜日", "町名": "横代葉山"}
{"粗大ごみの収集日（事前申込制）": "第3水曜日", "家庭ごみの収集日": "月曜日・木曜日", "プラスチックの収集日": "金曜日", "町名": "横代東町1～5丁目"}
{"粗大ごみの収集日（事前申込制）": "第3水曜日", "家庭ごみの収集日": "月曜日・木曜日", "プラスチックの収集日": "金曜日", "町名": "横代南町1～5丁目"}
{"粗大ごみの収集日（事前申込制）": "第4火曜日", "家庭ごみの収集日": "月曜日・木曜日", "プラスチックの収集日": "火曜日", "町名": "大字吉田"}
{"粗大ごみの収集日（事前申込制）": "第4火曜日", "家庭ごみの収集日": "月曜日・木曜日", "プラスチックの収集日": "火曜日", "町名": "吉田にれの木坂1～2丁目"}
{"粗大ごみの収集日（事前申込制）": "第2水曜日", "家庭ごみの収集日": "月曜日・木曜日", "プラスチックの収集日": "金曜日", "町名": "大字呼野"}
{"粗大ごみの収集日（事前申込制）": "第3火曜日", "家庭ごみの収集日": "月曜日・木曜日", "プラスチックの収集日": "火曜日", "町名": "若園1～5丁目"}
{"粗大ごみの収集日（事前申込制）": "第2木曜日", "家庭ごみの収集日": "火曜日・金曜日", "プラスチックの収集日": "月曜日", "町名": "青葉台"}
{"粗大ごみの収集日（事前申込制）": "第1月曜日", "家庭ごみの収集日": "火曜日・金曜日", "プラスチックの収集日": "木曜日", "町名": "大字伊川"}
{"粗大ごみの収集日（事前申込制）": "第2水曜日", "家庭ごみの収集日": "火曜日・金曜日", "プラスチックの収集日": "月曜日", "町名": "泉ケ丘"}
{"粗大ごみの収集日（事前申込制）": "第2木曜日", "家庭ごみの収集日": "火曜日・金曜日", "プラスチックの収集日": "月曜日", "町名": "稲積1～2丁目"}
{"粗大ごみの収集日（事前申込制）": "第1月曜日", "家庭ごみの収集日": "火曜日・金曜日", "プラスチックの収集日": "木曜日", "町名": "大字今津"}
{"粗大ごみの収集日（事前申込制）": "第2火曜日", "家庭ごみの収集日": "火曜日・金曜日", "プラスチックの収集日": "月曜日", "町名": "梅ノ木町"}
{"粗大ごみの収集日（事前申込制）": "第1水曜日", "家庭ごみの収集日": "月曜日・木曜日", "プラスチックの収集日": "火曜日", "町名": "老松町"}
{"粗大ごみの収集日（事前申込制）": "第1火曜日", "家庭ごみの収集日": "火曜日・金曜日", "プラスチックの収集日": "木曜日", "町名": "大久保1～3丁目"}
{"粗大ごみの収集日（事前申込制）": "第1火曜日", "家庭ごみの収集日": "火曜日・金曜日", "プラスチックの収集日": "木曜日", "町名": "大字大積"}
{"粗大ごみの収集日（事前申込制）": "第2月曜日", "家庭ごみの収集日": "火曜日・金曜日", "プラスチックの収集日": "木曜日", "町名": "奥田1～5丁目"}
{"粗大ごみの収集日（事前申込制）": "第1水曜日", "家庭ごみの収集日": "月曜日・木曜日", "プラスチックの収集日": "火曜日", "町名": "花月園"}
{"粗大ごみの収集日（事前申込制）": "第1金曜日", "家庭ごみの収集日": "火曜日・金曜日", "プラスチックの収集日": "木曜日", "町名": "風師1～4丁目"}
{"粗大ごみの収集日（事前申込制）": "第1木曜日", "家庭ごみの収集日": "火曜日・金曜日", "プラスチックの収集日": "木曜日", "町名": "春日町"}
{"粗大ごみの収集日（事前申込制）": "第1金曜日", "家庭ごみの収集日": "火曜日・金曜日", "プラスチックの収集日": "木曜日", "町名": "片上海岸"}
{"粗大ごみの収集日（事前申込制）": "第1金曜日", "家庭ごみの収集日": "火曜日・金曜日", "プラスチックの収集日": "木曜日", "町名": "片上町"}
{"粗大ごみの収集日（事前申込制）": "第2月曜日", "家庭ごみの収集日": "火曜日・金曜日", "プラスチックの収集日": "木曜日", "町名": "上ニ十町"}
{"粗大ごみの収集日（事前申込制）": "第2木曜日", "家庭ごみの収集日": "火曜日・金曜日", "プラスチックの収集日": "月曜日", "町名": "上藤松1～3丁目"}
{"粗大ごみの収集日（事前申込制）": "第1水曜日", "家庭ごみの収集日": "月曜日・木曜日", "プラスチックの収集日": "火曜日", "町名": "上本町"}
{"粗大ごみの収集日（事前申込制）": "第2水曜日", "家庭ごみの収集日": "火曜日・金曜日", "プラスチックの収集日": "月曜日", "町名": "上馬寄1～3丁目"}
{"粗大ごみの収集日（事前申込制）": "第1月曜日", "家庭ごみの収集日": "月曜日・木曜日", "プラスチックの収集日": "火曜日", "町名": "大字吉志（一部）"}
{"粗大ごみの収集日（事前申込制）": "第1月曜日", "家庭ごみの収集日": "火曜日・金曜日", "プラスチックの収集日": "木曜日", "町名": "大字吉志（一部）"}
{"粗大ごみの収集日（事前申込制）": "第1月曜日", "家庭ごみの収集日": "月曜日・木曜日", "プラスチックの収集日": "火曜日", "町名": "吉志1丁目（一部）"}
{"粗大ごみの収集日（事前申込制）": "第1月曜日", "家庭ごみの収集日": "火曜日・金曜日", "プラスチックの収集日": "木曜日", "町名": "吉志1丁目（一部）"}
{"粗大ごみの収集日（事前申込制）": "第1月曜日", "家庭ごみの収集日": "火曜日・金曜日", "プラスチックの収集日": "木曜日", "町名": "吉志2～3丁目"}
{"粗大ごみの収集日（事前申込制）": "第1月曜日", "家庭ごみの収集日": "月曜日・木曜日", "プラスチックの収集日": "火曜日", "町名": "吉志4～7丁目"}
{"粗大ごみの収集日（事前申込制）": "第1月曜日", "家庭ごみの収集日": "月曜日・木曜日", "プラスチックの収集日": "火曜日", "町名": "吉志新町1～3丁目"}
{"粗大ごみの収集日（事前申込制）": "第1金曜日", "家庭ごみの収集日": "火曜日・金曜日", "プラスチックの収集日": "木曜日", "町名": "北川町"}
{"粗大ごみの収集日（事前申込制）": "第1火曜日", "家庭ごみの収集日": "火曜日・金曜日", "プラスチックの収集日": "木曜日", "町名": "大字喜多久"}
{"粗大ごみの収集日（事前申込制）": "第1水曜日", "家庭ごみの収集日": "月曜日・木曜日", "プラスチックの収集日": "火曜日", "町名": "旧門司1～2丁目"}
{"粗大ごみの収集日（事前申込制）": "第1木曜日", "家庭ごみの収集日": "火曜日・金曜日", "プラスチックの収集日": "木曜日", "町名": "清滝1丁目"}
{"粗大ごみの収集日（事前申込制）": "第1木曜日", "家庭ごみの収集日": "月曜日・木曜日", "プラスチックの収集日": "火曜日", "町名": "清滝3丁目（一部）"}
{"粗大ごみの収集日（事前申込制）": "第1木曜日", "家庭ごみの収集日": "火曜日・金曜日", "プラスチックの収集日": "木曜日", "町名": "清滝3丁目（一部）"}
{"粗大ごみの収集日（事前申込制）": "第1木曜日", "家庭ごみの収集日": "月曜日・木曜日", "プラスチックの収集日": "火曜日", "町名": "清滝4～5丁目"}
{"粗大ごみの収集日（事前申込制）": "第1火曜日", "家庭ごみの収集日": "月曜日・木曜日", "プラスチックの収集日": "火曜日", "町名": "清見1～4丁目"}
{"粗大ごみの収集日（事前申込制）": "第1火曜日", "家庭ごみの収集日": "月曜日・木曜日", "プラスチックの収集日": "火曜日", "町名": "清見佐夜町（一部）"}
{"粗大ごみの収集日（事前申込制）": "第1火曜日", "家庭ごみの収集日": "火曜日・金曜日", "プラスチックの収集日": "木曜日", "町名": "清見佐夜町（一部）"}
{"粗大ごみの収集日（事前申込制）": "第1金曜日", "家庭ごみの収集日": "火曜日・金曜日", "プラスチックの収集日": "木曜日", "町名": "葛葉1～3丁目"}
{"粗大ごみの収集日（事前申込制）": "第1木曜日", "家庭ごみの収集日": "月曜日・木曜日", "プラスチックの収集日": "火曜日", "町名": "大字黒川（一部）"}
{"粗大ごみの収集日（事前申込制）": "第1木曜日", "家庭ごみの収集日": "火曜日・金曜日", "プラスチックの収集日": "木曜日", "町名": "大字黒川（一部）"}
{"粗大ごみの収集日（事前申込制）": "第1木曜日", "家庭ごみの収集日": "火曜日・金曜日", "プラスチックの収集日": "木曜日", "町名": "黒川西1～3丁目"}
{"粗大ごみの収集日（事前申込制）": "第1木曜日", "家庭ごみの収集日": "火曜日・金曜日", "プラスチックの収集日": "木曜日", "町名": "黒川東1～2丁目"}
{"粗大ごみの収集日（事前申込制）": "第2火曜日", "家庭ごみの収集日": "火曜日・金曜日", "プラスチックの収集日": "月曜日", "町名": "黄金町"}
{"粗大ごみの収集日（事前申込制）": "第2水曜日", "家庭ごみの収集日": "火曜日・金曜日", "プラスチックの収集日": "月曜日", "町名": "小松町"}
{"粗大ごみの収集日（事前申込制）": "第1金曜日", "家庭ごみの収集日": "火曜日・金曜日", "プラスチックの収集日": "木曜日", "町名": "小森江1～3丁目"}
{"粗大ごみの収集日（事前申込制）": "第1木曜日", "家庭ごみの収集日": "月曜日・木曜日", "プラスチックの収集日": "火曜日", "町名": "栄町"}
{"粗大ごみの収集日（事前申込制）": "第1月曜日", "家庭ごみの収集日": "火曜日・金曜日", "プラスチックの収集日": "木曜日", "町名": "大字猿喰"}
{"粗大ごみの収集日（事前申込制）": "第2月曜日", "家庭ごみの収集日": "火曜日・金曜日", "プラスチックの収集日": "木曜日", "町名": "寺内1～5丁目"}
{"粗大ごみの収集日（事前申込制）": "第2月曜日", "家庭ごみの収集日": "火曜日・金曜日", "プラスチックの収集日": "月曜日", "町名": "下二十町"}
{"粗大ごみの収集日（事前申込制）": "第2水曜日", "家庭ごみの収集日": "火曜日・金曜日", "プラスチックの収集日": "月曜日", "町名": "下馬寄"}
{"粗大ごみの収集日（事前申込制）": "第2木曜日", "家庭ごみの収集日": "火曜日・金曜日", "プラスチックの収集日": "月曜日", "町名": "社ノ木1～2丁目"}
{"粗大ごみの収集日（事前申込制）": "第1水曜日", "家庭ごみの収集日": "月曜日・木曜日", "プラスチックの収集日": "火曜日", "町名": "庄司町"}
{"粗大ごみの収集日（事前申込制）": "第1火曜日", "家庭ごみの収集日": "火曜日・金曜日", "プラスチックの収集日": "木曜日", "町名": "大字白野江"}
{"粗大ごみの収集日（事前申込制）": "第1火曜日", "家庭ごみの収集日": "火曜日・金曜日", "プラスチックの収集日": "木曜日", "町名": "白野江1～4丁目"}
{"粗大ごみの収集日（事前申込制）": "第2月曜日", "家庭ごみの収集日": "火曜日・金曜日", "プラスチックの収集日": "木曜日", "町名": "城山町"}
{"粗大ごみの収集日（事前申込制）": "第1火曜日", "家庭ごみの収集日": "火曜日・金曜日", "プラスチックの収集日": "木曜日", "町名": "新開"}
{"粗大ごみの収集日（事前申込制）": "第2水曜日", "家庭ごみの収集日": "火曜日・金曜日", "プラスチックの収集日": "月曜日", "町名": "新原町"}
{"粗大ごみの収集日（事前申込制）": "第1月曜日", "家庭ごみの収集日": "火曜日・金曜日", "プラスチックの収集日": "木曜日", "町名": "新門司1～3丁目"}
{"粗大ごみの収集日（事前申込制）": "第1月曜日", "家庭ごみの収集日": "火曜日・金曜日", "プラスチックの収集日": "木曜日", "町名": "新門司北1～3丁目"}
{"粗大ごみの収集日（事前申込制）": "第1水曜日", "家庭ごみの収集日": "火曜日・金曜日", "プラスチックの収集日": "木曜日", "町名": "瀬戸町"}
{"粗大ごみの収集日（事前申込制）": "第2月曜日", "家庭ごみの収集日": "火曜日・金曜日", "プラスチックの収集日": "月曜日", "町名": "大字大里（一部）"}
{"粗大ごみの収集日（事前申込制）": "第2月曜日", "家庭ごみの収集日": "火曜日・金曜日", "プラスチックの収集日": "木曜日", "町名": "大字大里（一部）"}
{"粗大ごみの収集日（事前申込制）": "第2月曜日", "家庭ごみの収集日": "火曜日・金曜日", "プラスチックの収集日": "木曜日", "町名": "大里桜ケ丘"}
{"粗大ごみの収集日（事前申込制）": "第2火曜日", "家庭ごみの収集日": "火曜日・金曜日", "プラスチックの収集日": "月曜日", "町名": "大里新町"}
{"粗大ごみの収集日（事前申込制）": "第2火曜日", "家庭ごみの収集日": "火曜日・金曜日", "プラスチックの収集日": "月曜日", "町名": "大里戸ノ上1丁目"}
{"粗大ごみの収集日（事前申込制）": "第2火曜日", "家庭ごみの収集日": "火曜日・金曜日", "プラスチックの収集日": "木曜日", "町名": "大里戸ノ上2～4丁目"}
{"粗大ごみの収集日（事前申込制）": "第2水曜日", "家庭ごみの収集日": "火曜日・金曜日", "プラスチックの収集日": "月曜日", "町名": "大里原町"}
{"粗大ごみの収集日（事前申込制）": "第1金曜日", "家庭ごみの収集日": "火曜日・金曜日", "プラスチックの収集日": "月曜日", "町名": "大里東1丁目"}
{"粗大ごみの収集日（事前申込制）": "第1金曜日", "家庭ごみの収集日": "火曜日・金曜日", "プラスチックの収集日": "木曜日", "町名": "大里東2～5丁目"}
{"粗大ごみの収集日（事前申込制）": "第2火曜日", "家庭ごみの収集日": "火曜日・金曜日", "プラスチックの収集日": "月曜日", "町名": "大里東口"}
{"粗大ごみの収集日（事前申込制）": "第2火曜日", "家庭ごみの収集日": "火曜日・金曜日", "プラスチックの収集日": "月曜日", "町名": "大里本町1～3丁目"}
{"粗大ごみの収集日（事前申込制）": "第2水曜日", "家庭ごみの収集日": "火曜日・金曜日", "プラスチックの収集日": "月曜日", "町名": "大里桃山町"}
{"粗大ごみの収集日（事前申込制）": "第1木曜日", "家庭ごみの収集日": "火曜日・金曜日", "プラスチックの収集日": "木曜日", "町名": "高砂町"}
{"粗大ごみの収集日（事前申込制）": "第2火曜日", "家庭ごみの収集日": "火曜日・金曜日", "プラスチックの収集日": "月曜日", "町名": "高田1～2丁目"}
{"粗大ごみの収集日（事前申込制）": "第1火曜日", "家庭ごみの収集日": "火曜日・金曜日", "プラスチックの収集日": "木曜日", "町名": "太刀浦海岸"}
{"粗大ごみの収集日（事前申込制）": "第1水曜日", "家庭ごみの収集日": "月曜日・木曜日", "プラスチックの収集日": "火曜日", "町名": "谷町1～2丁目"}
{"粗大ごみの収集日（事前申込制）": "第1火曜日", "家庭ごみの収集日": "火曜日・金曜日", "プラスチックの収集日": "木曜日", "町名": "大字田野浦"}
{"粗大ごみの収集日（事前申込制）": "第1火曜日", "家庭ごみの収集日": "火曜日・金曜日", "プラスチックの収集日": "木曜日", "町名": "田野浦1～3丁目"}
{"粗大ごみの収集日（事前申込制）": "第1火曜日", "家庭ごみの収集日": "火曜日・金曜日", "プラスチックの収集日": "木曜日", "町名": "田野浦海岸"}
{"粗大ごみの収集日（事前申込制）": "第1月曜日", "家庭ごみの収集日": "火曜日・金曜日", "プラスチックの収集日": "木曜日", "町名": "大字恒見"}
{"粗大ごみの収集日（事前申込制）": "第1月曜日", "家庭ごみの収集日": "火曜日・金曜日", "プラスチックの収集日": "木曜日", "町名": "恒見町"}
{"粗大ごみの収集日（事前申込制）": "第2月曜日", "家庭ごみの収集日": "火曜日・金曜日", "プラスチックの収集日": "木曜日", "町名": "永黒1～2丁目"}
{"粗大ごみの収集日（事前申込制）": "第1木曜日", "家庭ごみの収集日": "月曜日・木曜日", "プラスチックの収集日": "火曜日", "町名": "長谷1～2丁目"}
{"粗大ごみの収集日（事前申込制）": "第2月曜日", "家庭ごみの収集日": "火曜日・金曜日", "プラスチックの収集日": "木曜日", "町名": "中二十町"}
{"粗大ごみの収集日（事前申込制）": "第2火曜日", "家庭ごみの収集日": "火曜日・金曜日", "プラスチックの収集日": "月曜日", "町名": "中町"}
{"粗大ごみの収集日（事前申込制）": "第1火曜日", "家庭ごみの収集日": "月曜日・木曜日", "プラスチックの収集日": "火曜日", "町名": "鳴竹1丁目（一部）"}
{"粗大ごみの収集日（事前申込制）": "第1火曜日", "家庭ごみの収集日": "火曜日・金曜日", "プラスチックの収集日": "木曜日", "町名": "鳴竹1丁目（一部）"}
{"粗大ごみの収集日（事前申込制）": "第1火曜日", "家庭ごみの収集日": "火曜日・金曜日", "プラスチックの収集日": "木曜日", "町名": "鳴竹2丁目"}
{"粗大ごみの収集日（事前申込制）": "第1木曜日", "家庭ごみの収集日": "月曜日・木曜日", "プラスチックの収集日": "火曜日", "町名": "西海岸1～3丁目"}
{"粗大ごみの収集日（事前申込制）": "第1木曜日", "家庭ごみの収集日": "月曜日・木曜日", "プラスチックの収集日": "火曜日", "町名": "錦町"}
{"粗大ごみの収集日（事前申込制）": "第2木曜日", "家庭ごみの収集日": "火曜日・金曜日", "プラスチックの収集日": "月曜日", "町名": "西新町1～2丁目"}
{"粗大ごみの収集日（事前申込制）": "第1月曜日", "家庭ごみの収集日": "月曜日・木曜日", "プラスチックの収集日": "火曜日", "町名": "大字畑（一部）"}
{"粗大ごみの収集日（事前申込制）": "第1月曜日", "家庭ごみの収集日": "火曜日・金曜日", "プラスチックの収集日": "木曜日", "町名": "大字畑（一部）"}
{"粗大ごみの収集日（事前申込制）": "第1水曜日", "家庭ごみの収集日": "月曜日・木曜日", "プラスチックの収集日": "火曜日", "町名": "畑田町"}
{"粗大ごみの収集日（事前申込制）": "第1水曜日", "家庭ごみの収集日": "月曜日・木曜日", "プラスチックの収集日": "火曜日", "町名": "浜町"}
{"粗大ごみの収集日（事前申込制）": "第1金曜日", "家庭ごみの収集日": "火曜日・金曜日", "プラスチックの収集日": "木曜日", "町名": "羽山1～2丁目"}
{"粗大ごみの収集日（事前申込制）": "第2水曜日", "家庭ごみの収集日": "火曜日・金曜日", "プラスチックの収集日": "月曜日", "町名": "原町別院"}
{"粗大ごみの収集日（事前申込制）": "第2木曜日", "家庭ごみの収集日": "火曜日・金曜日", "プラスチックの収集日": "月曜日", "町名": "東新町1～2丁目"}
{"粗大ごみの収集日（事前申込制）": "第1水曜日", "家庭ごみの収集日": "月曜日・木曜日", "プラスチックの収集日": "火曜日", "町名": "東本町1～2丁目"}
{"粗大ごみの収集日（事前申込制）": "第2水曜日", "家庭ごみの収集日": "火曜日・金曜日", "プラスチックの収集日": "月曜日", "町名": "東馬寄"}
{"粗大ごみの収集日（事前申込制）": "第1水曜日", "家庭ごみの収集日": "月曜日・木曜日", "プラスチックの収集日": "火曜日", "町名": "東港町"}
{"粗大ごみの収集日（事前申込制）": "第1水曜日", "家庭ごみの収集日": "月曜日・木曜日", "プラスチックの収集日": "火曜日", "町名": "東門司1～2丁目"}
{"粗大ごみの収集日（事前申込制）": "第2木曜日", "家庭ごみの収集日": "火曜日・金曜日", "プラスチックの収集日": "月曜日", "町名": "光町1～2丁目"}
{"粗大ごみの収集日（事前申込制）": "第1月曜日", "家庭ごみの収集日": "火曜日・金曜日", "プラスチックの収集日": "木曜日", "町名": "大字柄杓田"}
{"粗大ごみの収集日（事前申込制）": "第1月曜日", "家庭ごみの収集日": "火曜日・金曜日", "プラスチックの収集日": "木曜日", "町名": "柄杓田町"}
{"粗大ごみの収集日（事前申込制）": "第1木曜日", "家庭ごみの収集日": "火曜日・金曜日", "プラスチックの収集日": "木曜日", "町名": "広石1～2丁目"}
{"粗大ごみの収集日（事前申込制）": "第2木曜日", "家庭ごみの収集日": "火曜日・金曜日", "プラスチックの収集日": "月曜日", "町名": "藤松1～3丁目"}
{"粗大ごみの収集日（事前申込制）": "第1金曜日", "家庭ごみの収集日": "火曜日・金曜日", "プラスチックの収集日": "木曜日", "町名": "二タ松町"}
{"粗大ごみの収集日（事前申込制）": "第2火曜日", "家庭ごみの収集日": "火曜日・金曜日", "プラスチックの収集日": "月曜日", "町名": "不老町1～2丁目"}
{"粗大ごみの収集日（事前申込制）": "第2水曜日", "家庭ごみの収集日": "火曜日・金曜日", "プラスチックの収集日": "月曜日", "町名": "別院"}
{"粗大ごみの収集日（事前申込制）": "第1水曜日", "家庭ごみの収集日": "月曜日・木曜日", "プラスチックの収集日": "火曜日", "町名": "法師庵"}
{"粗大ごみの収集日（事前申込制）": "第1木曜日", "家庭ごみの収集日": "月曜日・木曜日", "プラスチックの収集日": "火曜日", "町名": "本町"}
{"粗大ごみの収集日（事前申込制）": "第2月曜日", "家庭ごみの収集日": "火曜日・金曜日", "プラスチックの収集日": "木曜日", "町名": "松崎町"}
{"粗大ごみの収集日（事前申込制）": "第2火曜日", "家庭ごみの収集日": "火曜日・金曜日", "プラスチックの収集日": "月曜日", "町名": "松原1～3丁目"}
{"粗大ごみの収集日（事前申込制）": "第1木曜日", "家庭ごみの収集日": "月曜日・木曜日", "プラスチックの収集日": "火曜日", "町名": "丸山1丁目"}
{"粗大ごみの収集日（事前申込制）": "第1木曜日", "家庭ごみの収集日": "月曜日・木曜日", "プラスチックの収集日": "火曜日", "町名": "丸山2丁目（一部）"}
{"粗大ごみの収集日（事前申込制）": "第1木曜日", "家庭ごみの収集日": "火曜日・金曜日", "プラスチックの収集日": "木曜日", "町名": "丸山2丁目（一部）"}
{"粗大ごみの収集日（事前申込制）": "第1木曜日", "家庭ごみの収集日": "月曜日・木曜日", "プラスチックの収集日": "火曜日", "町名": "丸山3～4丁目"}
{"粗大ごみの収集日（事前申込制）": "第1木曜日", "家庭ごみの収集日": "火曜日・金曜日", "プラスチックの収集日": "木曜日", "町名": "丸山吉野町"}
{"粗大ごみの収集日（事前申込制）": "第2水曜日", "家庭ごみの収集日": "火曜日・金曜日", "プラスチックの収集日": "月曜日", "町名": "緑ケ丘"}
{"粗大ごみの収集日（事前申込制）": "第1木曜日", "家庭ごみの収集日": "月曜日・木曜日", "プラスチックの収集日": "火曜日", "町名": "港町"}
{"粗大ごみの収集日（事前申込制）": "第1金曜日", "家庭ごみの収集日": "火曜日・金曜日", "プラスチックの収集日": "木曜日", "町名": "南本町"}
{"粗大ごみの収集日（事前申込制）": "第1水曜日", "家庭ごみの収集日": "月曜日・木曜日", "プラスチックの収集日": "火曜日", "町名": "大字門司"}
{"粗大ごみの収集日（事前申込制）": "第1木曜日", "家庭ごみの収集日": "火曜日・金曜日", "プラスチックの収集日": "木曜日", "町名": "元清滝"}
{"粗大ごみの収集日（事前申込制）": "第2月曜日", "家庭ごみの収集日": "火曜日・金曜日", "プラスチックの収集日": "月曜日", "町名": "桃山台"}
{"粗大ごみの収集日（事前申込制）": "第2水曜日", "家庭ごみの収集日": "火曜日・金曜日", "プラスチックの収集日": "月曜日", "町名": "柳原町"}
{"粗大ごみの収集日（事前申込制）": "第2火曜日", "家庭ごみの収集日": "火曜日・金曜日", "プラスチックの収集日": "月曜日", "町名": "柳町1～4丁目"}
{"粗大ごみの収集日（事前申込制）": "第1金曜日", "家庭ごみの収集日": "火曜日・金曜日", "プラスチックの収集日": "木曜日", "町名": "矢筈町"}
{"粗大ごみの収集日（事前申込制）": "第1火曜日", "家庭ごみの収集日": "火曜日・金曜日", "プラスチックの収集日": "月曜日", "町名": "青葉台西1～6丁目"}
{"粗大ごみの収集日（事前申込制）": "第1火曜日", "家庭ごみの収集日": "火曜日・金曜日", "プラスチックの収集日": "月曜日", "町名": "青葉台東1～2丁目"}
{"粗大ごみの収集日（事前申込制）": "第1火曜日", "家庭ごみの収集日": "火曜日・金曜日", "プラスチックの収集日": "月曜日", "町名": "青葉台南1～3丁目"}
{"粗大ごみの収集日（事前申込制）": "第1木曜日", "家庭ごみの収集日": "火曜日・金曜日", "プラスチックの収集日": "木曜日", "町名": "赤岩町"}
{"粗大ごみの収集日（事前申込制）": "第2水曜日", "家庭ごみの収集日": "月曜日・木曜日", "プラスチックの収集日": "金曜日", "町名": "赤崎町（一部）"}
{"粗大ごみの収集日（事前申込制）": "第2水曜日", "家庭ごみの収集日": "火曜日・金曜日", "プラスチックの収集日": "月曜日", "町名": "赤崎町（一部）"}
{"粗大ごみの収集日（事前申込制）": "第1金曜日", "家庭ごみの収集日": "火曜日・金曜日", "プラスチックの収集日": "木曜日", "町名": "赤島町"}
{"粗大ごみの収集日（事前申込制）": "第1水曜日", "家庭ごみの収集日": "火曜日・金曜日", "プラスチックの収集日": "月曜日", "町名": "大字蜑住"}
{"粗大ごみの収集日（事前申込制）": "第1水曜日", "家庭ごみの収集日": "火曜日・金曜日", "プラスチックの収集日": "月曜日", "町名": "大字有毛"}
{"粗大ごみの収集日（事前申込制）": "第2水曜日", "家庭ごみの収集日": "火曜日・金曜日", "プラスチックの収集日": "月曜日", "町名": "大字安瀬"}
{"粗大ごみの収集日（事前申込制）": "第1水曜日", "家庭ごみの収集日": "火曜日・金曜日", "プラスチックの収集日": "月曜日", "町名": "大字安屋"}
{"粗大ごみの収集日（事前申込制）": "第1金曜日", "家庭ごみの収集日": "火曜日・金曜日", "プラスチックの収集日": "木曜日", "町名": "今光1～3丁目"}
{"粗大ごみの収集日（事前申込制）": "第2火曜日", "家庭ごみの収集日": "月曜日・木曜日", "プラスチックの収集日": "金曜日", "町名": "栄盛川町（一部）"}
{"粗大ごみの収集日（事前申込制）": "第2火曜日", "家庭ごみの収集日": "火曜日・金曜日", "プラスチックの収集日": "木曜日", "町名": "栄盛川町（一部）"}
{"粗大ごみの収集日（事前申込制）": "第2火曜日", "家庭ごみの収集日": "月曜日・木曜日", "プラスチックの収集日": "火曜日", "町名": "老松1～2丁目"}
{"粗大ごみの収集日（事前申込制）": "第1金曜日", "家庭ごみの収集日": "火曜日・金曜日", "プラスチックの収集日": "木曜日", "町名": "大池町"}
{"粗大ごみの収集日（事前申込制）": "第2火曜日", "家庭ごみの収集日": "月曜日・木曜日", "プラスチックの収集日": "火曜日", "町名": "大井戸町（一部）"}
{"粗大ごみの収集日（事前申込制）": "第2火曜日", "家庭ごみの収集日": "火曜日・金曜日", "プラスチックの収集日": "木曜日", "町名": "大井戸町（一部）"}
{"粗大ごみの収集日（事前申込制）": "第2火曜日", "家庭ごみの収集日": "火曜日・金曜日", "プラスチックの収集日": "木曜日", "町名": "大谷町"}
{"粗大ごみの収集日（事前申込制）": "第1火曜日", "家庭ごみの収集日": "火曜日・金曜日", "プラスチックの収集日": "月曜日", "町名": "大字大鳥居"}
{"粗大ごみの収集日（事前申込制）": "第1水曜日", "家庭ごみの収集日": "火曜日・金曜日", "プラスチックの収集日": "月曜日", "町名": "大字小竹"}
{"粗大ごみの収集日（事前申込制）": "第1水曜日", "家庭ごみの収集日": "火曜日・金曜日", "プラスチックの収集日": "月曜日", "町名": "大字乙丸"}
{"粗大ごみの収集日（事前申込制）": "第1木曜日", "家庭ごみの収集日": "火曜日・金曜日", "プラスチックの収集日": "木曜日", "町名": "片山1～3丁目"}
{"粗大ごみの収集日（事前申込制）": "第2水曜日", "家庭ごみの収集日": "月曜日・木曜日", "プラスチックの収集日": "金曜日", "町名": "上原町（一部）"}
{"粗大ごみの収集日（事前申込制）": "第2水曜日", "家庭ごみの収集日": "火曜日・金曜日", "プラスチックの収集日": "月曜日", "町名": "上原町（一部）"}
{"粗大ごみの収集日（事前申込制）": "第2水曜日", "家庭ごみの収集日": "火曜日・金曜日", "プラスチックの収集日": "木曜日", "町名": "上原町（一部）"}
{"粗大ごみの収集日（事前申込制）": "第1水曜日", "家庭ごみの収集日": "火曜日・金曜日", "プラスチックの収集日": "月曜日", "町名": "鴨生田1～4丁目"}
{"粗大ごみの収集日（事前申込制）": "第2火曜日", "家庭ごみの収集日": "月曜日・木曜日", "プラスチックの収集日": "火曜日", "町名": "北浜1～2丁目"}
{"粗大ごみの収集日（事前申込制）": "第2火曜日", "家庭ごみの収集日": "月曜日・木曜日", "プラスチックの収集日": "金曜日", "町名": "北湊町（一部）"}
{"粗大ごみの収集日（事前申込制）": "第2火曜日", "家庭ごみの収集日": "月曜日・木曜日", "プラスチックの収集日": "火曜日", "町名": "北湊町（一部）"}
{"粗大ごみの収集日（事前申込制）": "第2水曜日", "家庭ごみの収集日": "月曜日・木曜日", "プラスチックの収集日": "金曜日", "町名": "響南町"}
{"粗大ごみの収集日（事前申込制）": "第1金曜日", "家庭ごみの収集日": "火曜日・金曜日", "プラスチックの収集日": "木曜日", "町名": "くきのうみ中央"}
{"粗大ごみの収集日（事前申込制）": "第2月曜日", "家庭ごみの収集日": "火曜日・金曜日", "プラスチックの収集日": "木曜日", "町名": "久岐の浜"}
{"粗大ごみの収集日（事前申込制）": "第2水曜日", "家庭ごみの収集日": "火曜日・金曜日", "プラスチックの収集日": "月曜日", "町名": "大字小石"}
{"粗大ごみの収集日（事前申込制）": "第2水曜日", "家庭ごみの収集日": "月曜日・木曜日", "プラスチックの収集日": "金曜日", "町名": "小石本村町（一部）"}
{"粗大ごみの収集日（事前申込制）": "第2水曜日", "家庭ごみの収集日": "火曜日・金曜日", "プラスチックの収集日": "月曜日", "町名": "小石本村町（一部）"}
{"粗大ごみの収集日（事前申込制）": "第2水曜日", "家庭ごみの収集日": "火曜日・金曜日", "プラスチックの収集日": "月曜日", "町名": "小糸町"}
{"粗大ごみの収集日（事前申込制）": "第1水曜日", "家庭ごみの収集日": "火曜日・金曜日", "プラスチックの収集日": "月曜日", "町名": "大字小敷"}
{"粗大ごみの収集日（事前申込制）": "第1水曜日", "家庭ごみの収集日": "火曜日・金曜日", "プラスチックの収集日": "月曜日", "町名": "小敷ひびきの1～3丁目"}
{"粗大ごみの収集日（事前申込制）": "第2火曜日", "家庭ごみの収集日": "月曜日・木曜日", "プラスチックの収集日": "火曜日", "町名": "桜町"}
{"粗大ごみの収集日（事前申込制）": "第2水曜日", "家庭ごみの収集日": "火曜日・金曜日", "プラスチックの収集日": "月曜日", "町名": "迫田町"}
{"粗大ごみの収集日（事前申込制）": "第1水曜日", "家庭ごみの収集日": "火曜日・金曜日", "プラスチックの収集日": "月曜日", "町名": "大字塩屋"}
{"粗大ごみの収集日（事前申込制）": "第1水曜日", "家庭ごみの収集日": "火曜日・金曜日", "プラスチックの収集日": "月曜日", "町名": "塩屋1～4丁目"}
{"粗大ごみの収集日（事前申込制）": "第2水曜日", "家庭ごみの収集日": "月曜日・木曜日", "プラスチックの収集日": "金曜日", "町名": "下原町（一部）"}
{"粗大ごみの収集日（事前申込制）": "第2水曜日", "家庭ごみの収集日": "火曜日・金曜日", "プラスチックの収集日": "月曜日", "町名": "下原町（一部）"}
{"粗大ごみの収集日（事前申込制）": "第2火曜日", "家庭ごみの収集日": "火曜日・金曜日", "プラスチックの収集日": "木曜日", "町名": "新大谷町"}
{"粗大ごみの収集日（事前申込制）": "第2月曜日", "家庭ごみの収集日": "火曜日・金曜日", "プラスチックの収集日": "木曜日", "町名": "大字修多羅"}
{"粗大ごみの収集日（事前申込制）": "第2月曜日", "家庭ごみの収集日": "火曜日・金曜日", "プラスチックの収集日": "木曜日", "町名": "修多羅1～3丁目"}
{"粗大ごみの収集日（事前申込制）": "第1月曜日", "家庭ごみの収集日": "火曜日・金曜日", "プラスチックの収集日": "月曜日", "町名": "大字高須"}
{"粗大ごみの収集日（事前申込制）": "第1月曜日", "家庭ごみの収集日": "火曜日・金曜日", "プラスチックの収集日": "月曜日", "町名": "高須北1～3丁目"}
{"粗大ごみの収集日（事前申込制）": "第1月曜日", "家庭ごみの収集日": "火曜日・金曜日", "プラスチックの収集日": "月曜日", "町名": "高須西1丁目"}
{"粗大ごみの収集日（事前申込制）": "第1月曜日", "家庭ごみの収集日": "月曜日・木曜日", "プラスチックの収集日": "金曜日", "町名": "高須西2丁目（1番）"}
{"粗大ごみの収集日（事前申込制）": "第1月曜日", "家庭ごみの収集日": "火曜日・金曜日", "プラスチックの収集日": "月曜日", "町名": "高須西2丁目（2～8番）"}
{"粗大ごみの収集日（事前申込制）": "第1月曜日", "家庭ごみの収集日": "月曜日・木曜日", "プラスチックの収集日": "火曜日", "町名": "高須東1～4丁目"}
{"粗大ごみの収集日（事前申込制）": "第1月曜日", "家庭ごみの収集日": "月曜日・木曜日", "プラスチックの収集日": "火曜日", "町名": "高須南1～5丁目"}
{"粗大ごみの収集日（事前申込制）": "第1水曜日", "家庭ごみの収集日": "火曜日・金曜日", "プラスチックの収集日": "月曜日", "町名": "大字竹並"}
{"粗大ごみの収集日（事前申込制）": "第2水曜日", "家庭ごみの収集日": "火曜日・金曜日", "プラスチックの収集日": "月曜日", "町名": "棚田町"}
{"粗大ごみの収集日（事前申込制）": "第1木曜日", "家庭ごみの収集日": "火曜日・金曜日", "プラスチックの収集日": "木曜日", "町名": "童子丸1～2丁目"}
{"粗大ごみの収集日（事前申込制）": "第1水曜日", "家庭ごみの収集日": "火曜日・金曜日", "プラスチックの収集日": "月曜日", "町名": "大字頓田"}
{"粗大ごみの収集日（事前申込制）": "第2月曜日", "家庭ごみの収集日": "月曜日・木曜日", "プラスチックの収集日": "火曜日", "町名": "中川町"}
{"粗大ごみの収集日（事前申込制）": "第2水曜日", "家庭ごみの収集日": "火曜日・金曜日", "プラスチックの収集日": "月曜日", "町名": "中畑町"}
{"粗大ごみの収集日（事前申込制）": "第2火曜日", "家庭ごみの収集日": "月曜日・木曜日", "プラスチックの収集日": "金曜日", "町名": "波打町"}
{"粗大ごみの収集日（事前申込制）": "第2水曜日", "家庭ごみの収集日": "月曜日・木曜日", "プラスチックの収集日": "金曜日", "町名": "西小石町"}
{"粗大ごみの収集日（事前申込制）": "第2火曜日", "家庭ごみの収集日": "月曜日・木曜日", "プラスチックの収集日": "火曜日", "町名": "西園町（一部）"}
{"粗大ごみの収集日（事前申込制）": "第2火曜日", "家庭ごみの収集日": "火曜日・金曜日", "プラスチックの収集日": "木曜日", "町名": "西園町（一部）"}
{"粗大ごみの収集日（事前申込制）": "第1木曜日", "家庭ごみの収集日": "火曜日・金曜日", "プラスチックの収集日": "木曜日", "町名": "西天神町"}
{"粗大ごみの収集日（事前申込制）": "第2火曜日", "家庭ごみの収集日": "火曜日・金曜日", "プラスチックの収集日": "木曜日", "町名": "西畑町"}
{"粗大ごみの収集日（事前申込制）": "第2月曜日", "家庭ごみの収集日": "月曜日・木曜日", "プラスチックの収集日": "火曜日", "町名": "白山1丁目（一部）"}
{"粗大ごみの収集日（事前申込制）": "第2月曜日", "家庭ごみの収集日": "火曜日・金曜日", "プラスチックの収集日": "木曜日", "町名": "白山1丁目（一部）"}
{"粗大ごみの収集日（事前申込制）": "第2月曜日", "家庭ごみの収集日": "火曜日・金曜日", "プラスチックの収集日": "木曜日", "町名": "白山2～3丁目"}
{"粗大ごみの収集日（事前申込制）": "第1水曜日", "家庭ごみの収集日": "火曜日・金曜日", "プラスチックの収集日": "月曜日", "町名": "大字畠田"}
{"粗大ごみの収集日（事前申込制）": "第1水曜日", "家庭ごみの収集日": "火曜日・金曜日", "プラスチックの収集日": "木曜日", "町名": "畠田1～2丁目"}
{"粗大ごみの収集日（事前申込制）": "第1水曜日", "家庭ごみの収集日": "火曜日・金曜日", "プラスチックの収集日": "月曜日", "町名": "畠田3丁目"}
{"粗大ごみの収集日（事前申込制）": "第2火曜日", "家庭ごみの収集日": "火曜日・金曜日", "プラスチックの収集日": "木曜日", "町名": "畑谷町"}
{"粗大ごみの収集日（事前申込制）": "第1水曜日", "家庭ごみの収集日": "火曜日・金曜日", "プラスチックの収集日": "月曜日", "町名": "花野路1～3丁目"}
{"粗大ごみの収集日（事前申込制）": "第2月曜日", "家庭ごみの収集日": "月曜日・木曜日", "プラスチックの収集日": "火曜日", "町名": "浜町1～3丁目"}
{"粗大ごみの収集日（事前申込制）": "第1水曜日", "家庭ごみの収集日": "火曜日・金曜日", "プラスチックの収集日": "月曜日", "町名": "大字払川"}
{"粗大ごみの収集日（事前申込制）": "第2水曜日", "家庭ごみの収集日": "月曜日・木曜日", "プラスチックの収集日": "金曜日", "町名": "原町"}
{"粗大ごみの収集日（事前申込制）": "第2水曜日", "家庭ごみの収集日": "月曜日・木曜日", "プラスチックの収集日": "金曜日", "町名": "東小石町"}
{"粗大ごみの収集日（事前申込制）": "第2火曜日", "家庭ごみの収集日": "火曜日・金曜日", "プラスチックの収集日": "木曜日", "町名": "東畑町"}
{"粗大ごみの収集日（事前申込制）": "第1木曜日", "家庭ごみの収集日": "火曜日・金曜日", "プラスチックの収集日": "木曜日", "町名": "東二島1～5丁目"}
{"粗大ごみの収集日（事前申込制）": "第1水曜日", "家庭ごみの収集日": "火曜日・金曜日", "プラスチックの収集日": "月曜日", "町名": "ひびきの"}
{"粗大ごみの収集日（事前申込制）": "第1水曜日", "家庭ごみの収集日": "火曜日・金曜日", "プラスチックの収集日": "月曜日", "町名": "ひびきの南1～2丁目"}
{"粗大ごみの収集日（事前申込制）": "第2水曜日", "家庭ごみの収集日": "火曜日・金曜日", "プラスチックの収集日": "月曜日", "町名": "響町1丁目"}
{"粗大ごみの収集日（事前申込制）": "第2火曜日", "家庭ごみの収集日": "月曜日・木曜日", "プラスチックの収集日": "金曜日", "町名": "深町1丁目（一部）"}
{"粗大ごみの収集日（事前申込制）": "第2火曜日", "家庭ごみの収集日": "火曜日・金曜日", "プラスチックの収集日": "木曜日", "町名": "深町1丁目（一部）"}
{"粗大ごみの収集日（事前申込制）": "第2火曜日", "家庭ごみの収集日": "月曜日・木曜日", "プラスチックの収集日": "金曜日", "町名": "深町2丁目（一部）"}
{"粗大ごみの収集日（事前申込制）": "第2火曜日", "家庭ごみの収集日": "火曜日・金曜日", "プラスチックの収集日": "木曜日", "町名": "深町2丁目（一部）"}
{"粗大ごみの収集日（事前申込制）": "第1金曜日", "家庭ごみの収集日": "火曜日・金曜日", "プラスチックの収集日": "木曜日", "町名": "藤ノ木1～3丁目"}
{"粗大ごみの収集日（事前申込制）": "第1木曜日", "家庭ごみの収集日": "火曜日・金曜日", "プラスチックの収集日": "木曜日", "町名": "大字二島"}
{"粗大ごみの収集日（事前申込制）": "第1木曜日", "家庭ごみの収集日": "火曜日・金曜日", "プラスチックの収集日": "木曜日", "町名": "二島1～6丁目"}
{"粗大ごみの収集日（事前申込制）": "第1金曜日", "家庭ごみの収集日": "火曜日・金曜日", "プラスチックの収集日": "木曜日", "町名": "古前1～2丁目"}
{"粗大ごみの収集日（事前申込制）": "第2月曜日", "家庭ごみの収集日": "月曜日・木曜日", "プラスチックの収集日": "火曜日", "町名": "本町1～3丁目"}
{"粗大ごみの収集日（事前申込制）": "第1木曜日", "家庭ごみの収集日": "火曜日・金曜日", "プラスチックの収集日": "木曜日", "町名": "南二島1・2・4丁目"}
{"粗大ごみの収集日（事前申込制）": "第2水曜日", "家庭ごみの収集日": "火曜日・金曜日", "プラスチックの収集日": "月曜日", "町名": "宮前町"}
{"粗大ごみの収集日（事前申込制）": "第1金曜日", "家庭ごみの収集日": "火曜日・金曜日", "プラスチックの収集日": "木曜日", "町名": "宮丸1～2丁目"}
{"粗大ごみの収集日（事前申込制）": "第2月曜日", "家庭ごみの収集日": "火曜日・金曜日", "プラスチックの収集日": "木曜日", "町名": "山手町"}
{"粗大ごみの収集日（事前申込制）": "第2火曜日", "家庭ごみの収集日": "火曜日・金曜日", "プラスチックの収集日": "木曜日", "町名": "山ノ堂町"}
{"粗大ごみの収集日（事前申込制）": "第1金曜日", "家庭ごみの収集日": "火曜日・金曜日", "プラスチックの収集日": "木曜日", "町名": "百合野町"}
{"粗大ごみの収集日（事前申込制）": "第1金曜日", "家庭ごみの収集日": "火曜日・金曜日", "プラスチックの収集日": "木曜日", "町名": "用勺町"}
{"粗大ごみの収集日（事前申込制）": "第1金曜日", "家庭ごみの収集日": "火曜日・金曜日", "プラスチックの収集日": "木曜日", "町名": "和田町"}
